fips,No. of clinics per 1000 women with demand,colour assignment
1001,0.2999,0-1
1003,0.2624,0-1
1005,1.2658,1-2
1007,2.1186,2-3
1009,0.317,0-1
1011,1.0101,1-2
1013,0.4566,0-1
1015,0.2165,0-1
1017,0.2584,0-1
1019,0.8475,0-1
1021,0.5929,0-1
1023,1.5625,1-2
1025,0.3788,0-1
1027,1.4706,1-2
1029,1.3889,1-2
1031,0.3396,0-1
1033,0.3322,0-1
1035,1.6393,1-2
1037,0.9901,0-1
1039,0.271,0-1
1041,1.4085,1-2
1043,0.2208,0-1
1045,0.3448,0-1
1047,0.2004,0-1
1049,0.6757,0-1
1051,0.1938,0-1
1053,1.3441,1-2
1055,0.7673,0-1
1057,0.6452,0-1
1059,0.3049,0-1
1061,1.0714,1-2
1063,2.4096,2-3
1065,1.1364,1-2
1067,1.6854,1-2
1069,0.16,0-1
1071,1.2433,1-2
1073,0.115,0-1
1075,1.5152,1-2
1077,0.2688,0-1
1079,0.542,0-1
1081,0.0399,0-1
1083,0.1878,0-1
1085,1.7241,1-2
1087,0.7576,0-1
1089,0.0672,0-1
1091,0.4878,0-1
1093,0.3559,0-1
1095,0.0962,0-1
1097,0.3366,0-1
1099,0.885,0-1
1101,0.2271,0-1
1103,0.2257,0-1
1105,2.5862,2-3
1107,0.4425,0-1
1109,0.3676,0-1
1111,0.8929,0-1
1113,0.2628,0-1
1115,0.0387,0-1
1117,0.1005,0-1
1119,1.105,1-2
1121,0.3165,0-1
1123,0.495,0-1
1125,0.1233,0-1
1127,0.8671,0-1
1129,1.1765,1-2
1131,1.6807,1-2
1133,0.4545,0-1
2013,16,10+
2016,10.6383,10+
2020,0.1907,0-1
2050,6.9767,5-10
2060,9.0909,5-10
2068,0,0
2070,10.1695,10+
2090,0.3531,0-1
2100,8.6957,5-10
2105,25,10+
2110,0.939,0-1
2122,2.3973,2-3
2130,1.2658,1-2
2150,3.1447,3-4
2164,31.5789,10+
2170,0.3949,0-1
2180,11.2069,10+
2185,9.1954,5-10
2188,12.5,10+
2195,9.375,5-10
2201,10,10+
2220,3,2-3
2232,14.2857,10+
2240,2.8986,2-3
2261,4,3-4
2270,8.6957,5-10
2280,15,10+
2282,60,10+
2290,9.434,5-10
4001,2.1192,2-3
4003,0.793,0-1
4005,0.7731,0-1
4007,1.087,1-2
4009,0.9281,0-1
4011,2.7523,2-3
4012,1.4085,1-2
4013,0.1274,0-1
4015,0.4614,0-1
4017,1.2216,1-2
4019,0.3868,0-1
4021,0.4159,0-1
4023,0.9901,0-1
4025,0.2681,0-1
4027,0.3484,0-1
5001,1.0526,1-2
5003,1.9608,1-2
5005,0.2924,0-1
5007,0.1229,0-1
5009,0.2571,0-1
5011,0.9009,0-1
5013,4,3-4
5015,0.8163,0-1
5017,3.0303,3-4
5019,0.2857,0-1
5021,2.069,2-3
5023,0.4785,0-1
5025,2.2727,2-3
5027,0.3106,0-1
5029,0.4926,0-1
5031,0.2762,0-1
5033,0.4249,0-1
5035,0.6299,0-1
5037,1.6484,1-2
5039,1.4706,1-2
5041,1.626,1-2
5043,0.8811,0-1
5045,0.1609,0-1
5047,0.5917,0-1
5049,1.0417,1-2
5051,0.097,0-1
5053,0.9901,0-1
5055,0.3774,0-1
5057,0.4444,0-1
5059,0.289,0-1
5061,0.7194,0-1
5063,0.4785,0-1
5065,0.9709,0-1
5067,1.0638,1-2
5069,0.6039,0-1
5071,0.3584,0-1
5073,1.6393,1-2
5075,0.5714,0-1
5077,2.6667,2-3
5079,1.8349,1-2
5081,0.7634,0-1
5083,1.4286,1-2
5085,0.7761,0-1
5087,1.2121,1-2
5089,1.6129,1-2
5091,0.1969,0-1
5093,0.5693,0-1
5095,4.1667,4-5
5097,1.4493,1-2
5099,1.2987,1-2
5101,4.4118,4-5
5103,0.3968,0-1
5105,1.9231,1-2
5107,0.8969,0-1
5109,0.9524,0-1
5111,1.8116,1-2
5113,1.1173,1-2
5115,0.1224,0-1
5117,4.1667,4-5
5119,0.1341,0-1
5121,1.1905,1-2
5123,0.0716,0-1
5125,1.0417,1-2
5127,3.0303,3-4
5129,0.1929,0-1
5131,0,0
5133,1.4388,1-2
5135,0.7547,0-1
5137,0.9804,0-1
5139,0.2288,0-1
5141,2.2556,2-3
5143,0.1522,0-1
5145,0.496,0-1
5147,6.3492,5-10
5149,0.8929,0-1
6001,0.282,0-1
6003,11.1111,10+
6005,1.4652,1-2
6007,0.8183,0-1
6009,1.6901,1-2
6011,2.6549,2-3
6013,0.2228,0-1
6015,3.1373,3-4
6017,0.487,0-1
6019,0.513,0-1
6021,2.381,2-3
6023,1.5263,1-2
6025,0.7576,0-1
6027,3.7975,3-4
6029,0.5839,0-1
6031,1.1745,1-2
6033,1.6639,1-2
6035,1.9685,1-2
6037,0.2493,0-1
6039,0.689,0-1
6041,0.5686,0-1
6043,2.1127,2-3
6045,2.7057,2-3
6047,0.7344,0-1
6049,4,3-4
6051,0.6897,0-1
6053,0.4636,0-1
6055,0.6053,0-1
6057,0.8889,0-1
6059,0.1555,0-1
6061,0.2357,0-1
6063,4.698,4-5
6065,0.1783,0-1
6067,0.15,0-1
6069,0.838,0-1
6071,0.1969,0-1
6073,0.28,0-1
6075,0.3929,0-1
6077,0.3468,0-1
6079,0.6482,0-1
6081,0.1645,0-1
6083,0.7135,0-1
6085,0.2215,0-1
6087,0.3881,0-1
6089,0.8687,0-1
6091,10,10+
6093,4.3597,4-5
6095,0.3293,0-1
6097,0.5308,0-1
6099,0.6129,0-1
6101,0.6019,0-1
6103,1.2012,1-2
6105,5.0505,5-10
6107,0.8833,0-1
6109,1.0504,1-2
6111,0.3928,0-1
6113,0.2924,0-1
6115,0.5187,0-1
8001,0.2381,0-1
8003,1.8182,1-2
8005,0.0941,0-1
8007,0.9804,0-1
8009,0,0
8011,3.0303,3-4
8013,0.1787,0-1
8014,0.1147,0-1
8015,0.6849,0-1
8017,6.25,5-10
8019,0,0
8021,3.8961,3-4
8023,3.5714,3-4
8025,0,0
8027,0,0
8029,0.4016,0-1
8031,0.3736,0-1
8033,5.8824,5-10
8035,0.1269,0-1
8037,0.2963,0-1
8039,0.2198,0-1
8041,0.3953,0-1
8043,0.5634,0-1
8045,0.8392,0-1
8047,0,0
8049,1.3245,1-2
8051,0.4673,0-1
8053,0,0
8055,2.1739,2-3
8057,0,0
8059,0.1442,0-1
8061,0,0
8063,2.8571,2-3
8065,0.59,0-1
8067,2.3529,2-3
8069,0.1871,0-1
8071,0,0
8073,4.3478,4-5
8075,0.885,0-1
8077,0.1118,0-1
8079,0,0
8081,0.6711,0-1
8083,1.1858,1-2
8085,0.9926,0-1
8087,0.6024,0-1
8089,1.676,1-2
8091,0,0
8093,0,0
8095,2.439,2-3
8097,0.4926,0-1
8099,5,4-5
8101,0.4744,0-1
8103,2.7027,2-3
8105,0.8696,0-1
8107,0.6689,0-1
8109,4,3-4
8111,0,0
8113,2.3256,2-3
8115,4.5455,4-5
8117,0.978,0-1
8119,1.3889,1-2
8121,2.2222,2-3
8123,0.2883,0-1
8125,1.0101,1-2
9001,0.2045,0-1
9003,0.1829,0-1
9005,0.1629,0-1
9007,0.2798,0-1
9009,0.1663,0-1
9011,0.4175,0-1
9013,0.048,0-1
9015,0.6452,0-1
10001,0.4942,0-1
10003,0.2754,0-1
10005,0.4878,0-1
12001,0.1795,0-1
12003,0.6289,0-1
12005,0.0466,0-1
12007,0.8511,0-1
12009,0.1734,0-1
12011,0.0382,0-1
12013,0.7937,0-1
12015,0.2455,0-1
12017,0.4735,0-1
12019,0.2042,0-1
12021,0.3141,0-1
12023,0.4231,0-1
12027,1.2903,1-2
12029,1.626,1-2
12031,0.119,0-1
12033,0.1745,0-1
12035,0.3122,0-1
12037,3.5294,3-4
12039,1.2797,1-2
12041,2.3529,2-3
12043,1.9802,1-2
12045,2.5641,2-3
12047,0.9009,0-1
12049,1.0417,1-2
12051,0.6726,0-1
12053,0.1168,0-1
12055,0.3676,0-1
12057,0.1086,0-1
12059,1.1834,1-2
12061,0.4673,0-1
12063,0.2398,0-1
12065,0.8403,0-1
12067,2.9851,2-3
12069,0.1793,0-1
12071,0.1559,0-1
12073,0.2198,0-1
12075,0.8403,0-1
12077,4.5455,4-5
12079,1.1976,1-2
12081,0.3012,0-1
12083,0.3275,0-1
12085,0.4619,0-1
12086,0.1353,0-1
12087,0.8761,0-1
12089,0.3597,0-1
12091,0.1663,0-1
12093,0.7407,0-1
12095,0.1202,0-1
12097,0.2313,0-1
12099,0.1221,0-1
12101,0.1503,0-1
12103,0.1774,0-1
12105,0.1831,0-1
12107,0.7022,0-1
12109,0.2151,0-1
12111,0.2125,0-1
12113,0.0685,0-1
12115,0.1625,0-1
12117,0.2832,0-1
12119,0.6237,0-1
12121,0.8,0-1
12123,2.2099,2-3
12125,0.9174,0-1
12127,0.1284,0-1
12129,0.6231,0-1
12131,0.6154,0-1
12133,0.4587,0-1
13001,1.1111,1-2
13003,2.2472,2-3
13005,1.6393,1-2
13007,6.25,5-10
13009,0.32,0-1
13011,1.0811,1-2
13013,0.2022,0-1
13015,0.158,0-1
13017,1.5228,1-2
13019,1.0582,1-2
13021,0.2481,0-1
13023,1.2579,1-2
13025,0.9852,0-1
13027,0.6289,0-1
13029,0.4264,0-1
13031,0.16,0-1
13033,0.7605,0-1
13035,0.823,0-1
13037,4.0816,4-5
13039,0.4484,0-1
13043,1.7857,1-2
13045,0.1264,0-1
13047,0.2639,0-1
13049,2,1-2
13051,0.4128,0-1
13053,2.521,2-3
13055,0.7634,0-1
13057,0.1047,0-1
13059,0.2486,0-1
13061,7.1429,5-10
13063,0.1464,0-1
13065,1.2821,1-2
13067,0.0592,0-1
13069,0.5882,0-1
13071,0.3752,0-1
13073,0.0534,0-1
13075,0.5319,0-1
13077,0.1185,0-1
13079,0.813,0-1
13081,1.1236,1-2
13083,1.0309,1-2
13085,0.4065,0-1
13087,0.0918,0-1
13089,0.3205,0-1
13091,1.5152,1-2
13093,1.6949,1-2
13095,0.6436,0-1
13097,0.0525,0-1
13099,1.8519,1-2
13101,2.1277,2-3
13103,0.1395,0-1
13105,1.0695,1-2
13107,1.6807,1-2
13109,0.9009,0-1
13111,0.995,0-1
13113,0.0858,0-1
13115,0.1686,0-1
13117,0.0789,0-1
13119,0.8772,0-1
13121,0.182,0-1
13123,1.1538,1-2
13125,6.6667,5-10
13127,0.2037,0-1
13129,0.1473,0-1
13131,0.3846,0-1
13133,1.4184,1-2
13135,0.0667,0-1
13137,0.3697,0-1
13139,0.0859,0-1
13141,2.7778,2-3
13143,0.2967,0-1
13145,0.2915,0-1
13147,0.8475,0-1
13149,0.7752,0-1
13151,0.034,0-1
13153,0.1004,0-1
13155,3.4091,3-4
13157,0.5222,0-1
13159,0.6757,0-1
13161,0.6289,0-1
13163,2.4691,2-3
13165,1.1628,1-2
13167,2.3256,2-3
13169,0.9174,0-1
13171,0.8163,0-1
13173,0.7813,0-1
13175,0.3571,0-1
13177,0.5602,0-1
13179,0.3247,0-1
13181,1.2658,1-2
13183,0.7874,0-1
13185,0.1716,0-1
13187,0.5076,0-1
13189,2.459,2-3
13191,0.9202,0-1
13193,1.1364,1-2
13195,0.3984,0-1
13197,0.7353,0-1
13199,1.2931,1-2
13201,1.6949,1-2
13205,0.4695,0-1
13207,0.6944,0-1
13209,2.0619,2-3
13211,0.5155,0-1
13213,0.4246,0-1
13215,0.1502,0-1
13217,0.0722,0-1
13219,0.2513,0-1
13221,1.2195,1-2
13223,0.0496,0-1
13225,0.5666,0-1
13227,0.3175,0-1
13229,0.463,0-1
13231,0.9615,0-1
13233,0.6173,0-1
13235,1.3072,1-2
13237,0.495,0-1
13239,5.5556,5-10
13241,1.3699,1-2
13243,1.3158,1-2
13245,0.2853,0-1
13247,0.1802,0-1
13249,5.0847,5-10
13251,0.6993,0-1
13253,1.2346,1-2
13255,0.1299,0-1
13257,0.3344,0-1
13259,4.878,4-5
13261,1.4963,1-2
13263,3.5714,3-4
13265,7.6923,5-10
13267,1.3699,1-2
13269,2.4096,2-3
13271,1.6,1-2
13273,2.0619,2-3
13275,0.1908,0-1
13277,0.3914,0-1
13279,0.6211,0-1
13281,0.9901,0-1
13283,3.0303,3-4
13285,0.2227,0-1
13287,1.2987,1-2
13289,2.5641,2-3
13291,0.6061,0-1
13293,0.6734,0-1
13295,0.3963,0-1
13297,0.2799,0-1
13299,0.7557,0-1
13301,4.0816,4-5
13303,1.5228,1-2
13305,0.3096,0-1
13307,4.3478,4-5
13309,1.9231,1-2
13311,0.7273,0-1
13313,0.1618,0-1
13315,2.9412,2-3
13317,1.1111,1-2
13319,2.2727,2-3
13321,0.431,0-1
15001,0.6906,0-1
15003,0.1501,0-1
15005,0,0
15007,0.3797,0-1
15009,0.368,0-1
16001,0.1781,0-1
16003,3.7037,3-4
16005,0.6422,0-1
16007,3.5714,3-4
16009,4,3-4
16011,0.7722,0-1
16013,0,0
16015,0,0
16017,1.2821,1-2
16019,0.1443,0-1
16021,2.8846,2-3
16023,4.3478,4-5
16025,10,10+
16027,0.3407,0-1
16029,1.5873,1-2
16031,0.3802,0-1
16033,10,10+
16035,5.2632,5-10
16037,3.125,3-4
16039,0.9063,0-1
16041,0.6757,0-1
16043,1.4815,1-2
16045,1.1834,1-2
16047,0,0
16049,1.6949,1-2
16051,0.9346,0-1
16053,0.3788,0-1
16055,0.2283,0-1
16057,0.3205,0-1
16059,1.7241,1-2
16061,6.6667,5-10
16063,0,0
16065,0.2677,0-1
16067,0.4367,0-1
16069,0.6494,0-1
16071,2.6316,2-3
16073,2.5641,2-3
16075,1.2097,1-2
16077,2.6316,2-3
16079,2.8037,2-3
16081,0.7692,0-1
16083,0.4907,0-1
16085,1.2048,1-2
16087,1.1765,1-2
17001,0.2721,0-1
17003,4.7619,4-5
17005,0.5747,0-1
17007,0.1698,0-1
17009,0,0
17011,0,0
17013,0,0
17015,0,0
17017,1.5504,1-2
17019,0.1773,0-1
17021,0,0
17023,0,0
17025,0.7874,0-1
17027,0,0
17029,0.3841,0-1
17031,0.2445,0-1
17033,0,0
17035,0,0
17037,0.1832,0-1
17039,0,0
17041,0,0
17043,0.063,0-1
17045,0,0
17047,1.6667,1-2
17049,0.5362,0-1
17051,0.4926,0-1
17053,0,0
17055,0.5263,0-1
17057,0.5917,0-1
17059,2.0833,2-3
17061,0,0
17063,0,0
17065,0,0
17067,0.5882,0-1
17069,6.4516,5-10
17071,3.2258,3-4
17073,0.404,0-1
17075,0,0
17077,0.6494,0-1
17079,0,0
17081,0.2551,0-1
17083,0.4149,0-1
17085,0,0
17087,3.0612,3-4
17089,0.1587,0-1
17091,0.1498,0-1
17093,0.1243,0-1
17095,0.3795,0-1
17097,0.1735,0-1
17099,0.074,0-1
17101,0.7519,0-1
17103,0.3058,0-1
17105,0.2513,0-1
17107,0,0
17109,0.3223,0-1
17111,0.207,0-1
17113,0.1881,0-1
17115,0.2445,0-1
17117,0,0
17119,0.7937,0-1
17121,0.6711,0-1
17123,0,0
17125,0.0874,0-1
17127,0.1542,0-1
17129,0,0
17131,0,0
17133,0,0
17135,0,0
17137,0.5263,0-1
17139,0,0
17141,0,0
17143,0.2165,0-1
17145,0.5495,0-1
17147,0,0
17149,0.6803,0-1
17151,2.8571,2-3
17153,3.6364,3-4
17155,0,0
17157,0,0
17159,0.6757,0-1
17161,0.3697,0-1
17163,1.2766,1-2
17165,0.1703,0-1
17167,0,0
17169,0,0
17171,0,0
17173,0.3734,0-1
17175,0,0
17177,0.2198,0-1
17179,0.0679,0-1
17181,1.2422,1-2
17183,0.1202,0-1
17185,0.9174,0-1
17187,0,0
17189,0,0
17191,0.6494,0-1
17193,2.3438,2-3
17195,0.1736,0-1
17197,0.0359,0-1
17199,0.5391,0-1
17201,0.1505,0-1
17203,0,0
18001,0,0
18003,0.0868,0-1
18005,0.3125,0-1
18007,0,0
18009,0,0
18011,0.135,0-1
18013,0,0
18015,0.4831,0-1
18017,0.2494,0-1
18019,0.2123,0-1
18021,0,0
18023,0,0
18025,0,0
18027,0.2762,0-1
18029,0,0
18031,0,0
18033,0.3333,0-1
18035,0.3582,0-1
18037,0.2217,0-1
18039,0.209,0-1
18041,0,0
18043,0.2191,0-1
18045,0,0
18047,0,0
18049,0,0
18051,0,0
18053,0.1196,0-1
18055,0,0
18057,0.0784,0-1
18059,0.1186,0-1
18061,0.4695,0-1
18063,0.0526,0-1
18065,0.2075,0-1
18067,0.1082,0-1
18069,0,0
18071,0.4024,0-1
18073,0,0
18075,0,0
18077,0,0
18079,0,0
18081,0.1049,0-1
18083,0.2353,0-1
18085,0.1092,0-1
18087,0.1759,0-1
18089,0,0
18091,0.2744,0-1
18093,0,0
18095,0.3425,0-1
18097,0.2244,0-1
18099,0,0
18101,0,0
18103,0.2793,0-1
18105,0.0793,0-1
18107,0,0
18109,0,0
18111,0,0
18113,0,0
18115,0,0
18117,0,0
18119,0.4762,0-1
18121,0.5291,0-1
18123,0,0
18125,0.813,0-1
18127,0.2548,0-1
18129,0,0
18131,0,0
18133,0.2315,0-1
18135,0,0
18137,0,0
18139,0.6098,0-1
18141,0.3788,0-1
18143,0,0
18145,0,0
18147,0.1748,0-1
18149,0,0
18151,0,0
18153,0,0
18155,0,0
18157,0.1021,0-1
18159,0,0
18161,0,0
18163,0.3029,0-1
18165,1.2821,1-2
18167,0.2913,0-1
18169,0,0
18171,0,0
18173,0.1481,0-1
18175,0,0
18177,0.2699,0-1
18179,0,0
18181,0.4587,0-1
18183,0,0
19001,0,0
19003,0,0
19005,0,0
19007,0.9009,0-1
19009,0,0
19011,0.7752,0-1
19013,0.2157,0-1
19015,0.3571,0-1
19017,0,0
19019,0.5025,0-1
19021,0.4255,0-1
19023,0.7752,0-1
19025,0,0
19027,0.5319,0-1
19029,0.8696,0-1
19031,0,0
19033,0.2299,0-1
19035,0,0
19037,0,0
19039,0,0
19041,0,0
19043,0,0
19045,0.3984,0-1
19047,0.625,0-1
19049,0.1871,0-1
19051,0,0
19053,2.1505,2-3
19055,0,0
19057,0.4843,0-1
19059,0,0
19061,0.2676,0-1
19063,0,0
19065,0,0
19067,0,0
19069,1.0989,1-2
19071,0,0
19073,0,0
19075,0,0
19077,0,0
19079,0,0
19081,0,0
19083,0,0
19085,0.7299,0-1
19087,0,0
19089,0,0
19091,1.1905,1-2
19093,0,0
19095,0,0
19097,0.5917,0-1
19099,0,0
19101,0.5988,0-1
19103,0.0818,0-1
19105,1.0363,1-2
19107,1.1111,1-2
19109,0,0
19111,0.5831,0-1
19113,0.2193,0-1
19115,0.9524,0-1
19117,0,0
19119,0,0
19121,0,0
19123,0.4149,0-1
19125,0,0
19127,0.4785,0-1
19129,0,0
19131,0,0
19133,2.7397,2-3
19135,1.4085,1-2
19137,0,0
19139,0.2088,0-1
19141,0,0
19143,0,0
19145,0,0
19147,0,0
19149,0,0
19151,0,0
19153,0.176,0-1
19155,0.2857,0-1
19157,0.4878,0-1
19159,0,0
19161,0,0
19163,0.1918,0-1
19165,0.9901,0-1
19167,0.5249,0-1
19169,0.1226,0-1
19171,1.2821,1-2
19173,0,0
19175,0,0
19177,0,0
19179,0.5025,0-1
19181,0,0
19183,0,0
19185,0,0
19187,0.7772,0-1
19189,1.0526,1-2
19191,0.4274,0-1
19193,0.1595,0-1
19195,0,0
19197,0.9259,0-1
20001,1.6393,1-2
20003,1.4493,1-2
20005,0.4854,0-1
20007,2.5641,2-3
20009,0.7018,0-1
20011,0.7042,0-1
20013,2.3529,2-3
20015,0.134,0-1
20017,0,0
20019,3.7037,3-4
20021,1.0753,1-2
20023,0,0
20025,0,0
20027,1.4286,1-2
20029,1.1236,1-2
20031,1.2821,1-2
20033,6.25,5-10
20035,0.5,0-1
20037,0.3745,0-1
20039,5,4-5
20041,0,0
20043,1.1765,1-2
20045,0.1456,0-1
20047,3.8462,3-4
20049,0,0
20051,0.4878,0-1
20053,2.0833,2-3
20055,0.4525,0-1
20057,0.2532,0-1
20059,0.7067,0-1
20061,0.5671,0-1
20063,0,0
20065,0,0
20067,5,4-5
20069,1.6393,1-2
20071,0,0
20073,2.1277,2-3
20075,0,0
20077,2.0408,2-3
20079,0.7813,0-1
20081,2.3256,2-3
20083,0,0
20085,1.4925,1-2
20087,0,0
20089,0,0
20091,0.0692,0-1
20093,2.2727,2-3
20095,1.4085,1-2
20097,3.8462,3-4
20099,0.4902,0-1
20101,0,0
20103,0.1186,0-1
20105,4.1667,4-5
20107,0,0
20109,3.8462,3-4
20111,0.2,0-1
20113,0,0
20115,0,0
20117,0.3322,0-1
20119,2.439,2-3
20121,0.6006,0-1
20123,1.9231,1-2
20125,0.6024,0-1
20127,2.2222,2-3
20129,3.7037,3-4
20131,0,0
20133,0.6623,0-1
20135,0,0
20137,0,0
20139,0,0
20141,3.2258,3-4
20143,1.7544,1-2
20145,1.8182,1-2
20147,2.0833,2-3
20149,0.738,0-1
20151,1.087,1-2
20153,0,0
20155,0.3125,0-1
20157,2.8571,2-3
20159,1.0526,1-2
20161,0.073,0-1
20163,2.1739,2-3
20165,0,0
20167,1.5873,1-2
20169,0.3273,0-1
20171,0,0
20173,0.2804,0-1
20175,0.7273,0-1
20177,0.2924,0-1
20179,5,4-5
20181,1.8519,1-2
20183,3.8462,3-4
20185,2.8571,2-3
20187,5.5556,5-10
20189,0,0
20191,0.4202,0-1
20193,1.0417,1-2
20195,4,3-4
20197,1.5873,1-2
20199,0,0
20201,2.2222,2-3
20203,0,0
20205,0,0
20207,0,0
20209,0.0481,0-1
21001,0.9217,0-1
21003,0.4329,0-1
21005,0.7782,0-1
21007,1.2346,1-2
21009,0.2053,0-1
21011,0.7519,0-1
21013,0.6897,0-1
21015,0.1967,0-1
21017,0.4651,0-1
21019,0.3968,0-1
21021,0.2976,0-1
21023,1.1111,1-2
21025,0.7519,0-1
21027,0.5525,0-1
21029,0.106,0-1
21031,0.7407,0-1
21033,1.6129,1-2
21035,0.1721,0-1
21037,0.2573,0-1
21039,2.1739,2-3
21041,0.9259,0-1
21043,0.3559,0-1
21045,0.6211,0-1
21047,0.3405,0-1
21049,0.2494,0-1
21051,0.9756,0-1
21053,2.0202,2-3
21055,1.1905,1-2
21057,3.2258,3-4
21059,0.265,0-1
21061,0.7752,0-1
21063,1.6393,1-2
21065,1.4493,1-2
21067,0.1488,0-1
21069,0.6803,0-1
21071,1.6349,1-2
21073,0.1647,0-1
21075,3.0769,3-4
21077,2.0619,2-3
21079,0.5917,0-1
21081,0.3546,0-1
21083,0.2475,0-1
21085,0.3802,0-1
21087,0.9901,0-1
21089,0.2703,0-1
21091,1.0989,1-2
21093,0.1572,0-1
21095,1.8727,1-2
21097,0.5405,0-1
21099,0.5525,0-1
21101,0.5703,0-1
21103,0.5882,0-1
21105,2.3256,2-3
21107,0.3984,0-1
21109,1.4925,1-2
21111,0.1129,0-1
21113,0.1534,0-1
21115,0.4425,0-1
21117,0.097,0-1
21119,1.2658,1-2
21121,0.8403,0-1
21123,0.6494,0-1
21125,0.1441,0-1
21127,0.641,0-1
21129,3.3898,3-4
21131,1.9048,1-2
21133,1.3889,1-2
21135,1.4925,1-2
21137,0.3745,0-1
21139,1.0989,1-2
21141,0.7519,0-1
21143,1.8519,1-2
21145,0.3026,0-1
21147,1.6129,1-2
21149,0.5208,0-1
21151,0.3378,0-1
21153,1.9802,1-2
21155,1.0582,1-2
21157,0.1379,0-1
21159,1.8405,1-2
21161,2.0619,2-3
21163,0.2994,0-1
21165,1.5152,1-2
21167,0.4785,0-1
21169,0.9615,0-1
21171,3,2-3
21173,0.9202,0-1
21175,0.8772,0-1
21177,0.9967,0-1
21179,0.1894,0-1
21181,1.4085,1-2
21183,0.4098,0-1
21185,0.152,0-1
21187,2.8846,2-3
21189,4.5455,4-5
21191,0.6369,0-1
21193,1.4599,1-2
21195,0.3373,0-1
21197,0.7692,0-1
21199,0.1466,0-1
21201,5.5556,5-10
21203,0.5556,0-1
21205,0.2703,0-1
21207,1.7647,1-2
21209,0.1422,0-1
21211,0.1751,0-1
21213,0.5263,0-1
21215,1,0-1
21217,0.3356,0-1
21219,0.7813,0-1
21221,0.7463,0-1
21223,1.0638,1-2
21225,0.6494,0-1
21227,0.2197,0-1
21229,0.7937,0-1
21231,0.5025,0-1
21233,2.2901,2-3
21235,0.7059,0-1
21237,1.4493,1-2
21239,0.3521,0-1
22001,0.2649,0-1
22003,0.8811,0-1
22005,0.1287,0-1
22007,0.3968,0-1
22009,0.7009,0-1
22011,0.4902,0-1
22013,2.1583,2-3
22015,0.1245,0-1
22017,0.1876,0-1
22019,0.0782,0-1
22021,1.0309,1-2
22023,0,0
22025,3.2967,3-4
22027,1.5748,1-2
22029,0.9756,0-1
22031,0.6431,0-1
22033,0.1202,0-1
22035,1.5385,1-2
22037,2.6316,2-3
22039,0.5848,0-1
22041,1.4493,1-2
22043,0.8969,0-1
22045,0.227,0-1
22047,0.9877,0-1
22049,0.6803,0-1
22051,0.2408,0-1
22053,0.59,0-1
22055,0.6667,0-1
22057,0.1781,0-1
22059,0.1634,0-1
22061,0.1258,0-1
22063,0.1669,0-1
22065,1.5038,1-2
22067,1.7301,1-2
22069,0.3683,0-1
22071,0.4378,0-1
22073,0.2857,0-1
22075,0.3534,0-1
22077,2.0747,2-3
22079,0.2481,0-1
22081,1.1905,1-2
22083,2.6906,2-3
22085,0.431,0-1
22087,0.16,0-1
22089,0.3049,0-1
22091,0.8403,0-1
22093,0.3937,0-1
22095,0.367,0-1
22097,0.206,0-1
22099,0.3101,0-1
22101,0.4967,0-1
22103,0.0346,0-1
22105,0.4053,0-1
22107,2.5641,2-3
22109,0.2867,0-1
22111,0.8584,0-1
22113,0.2805,0-1
22115,0.2994,0-1
22117,0.5871,0-1
22119,0.6849,0-1
22121,0.6154,0-1
22123,0.9524,0-1
22125,0,0
22127,2.2556,2-3
23001,0.3997,0-1
23003,2.6359,2-3
23005,0.3397,0-1
23007,1.2821,1-2
23009,1.2121,1-2
23011,0.5158,0-1
23013,0.8746,0-1
23015,1.0453,1-2
23017,0.7737,0-1
23019,0.9382,0-1
23021,1.4388,1-2
23023,0.5479,0-1
23025,1.0616,1-2
23027,0.5333,0-1
23029,4.7794,4-5
23031,0.2234,0-1
24001,0.2528,0-1
24003,0.0566,0-1
24005,0.1592,0-1
24009,0.0977,0-1
24011,0.8671,0-1
24013,0.0547,0-1
24015,0.1684,0-1
24017,0.1461,0-1
24019,1.1268,1-2
24021,0.0337,0-1
24023,1.4235,1-2
24025,0.0686,0-1
24027,0.0507,0-1
24029,0.4926,0-1
24031,0.1081,0-1
24033,0.0962,0-1
24035,0.2028,0-1
24037,0.6211,0-1
24039,0.1408,0-1
24041,1.4451,1-2
24043,0.2451,0-1
24045,0.5544,0-1
24047,0.6289,0-1
24510,0.4409,0-1
25001,0.542,0-1
25003,0.4386,0-1
25005,0.1018,0-1
25007,1.1628,1-2
25009,0.3845,0-1
25011,0.4027,0-1
25013,0.2372,0-1
25015,0.1898,0-1
25017,0.0968,0-1
25019,0.8264,0-1
25021,0.0797,0-1
25023,0.1385,0-1
25025,0.6127,0-1
25027,0.2376,0-1
26001,3.2258,3-4
26003,3.3898,3-4
26005,0.1619,0-1
26007,1.0989,1-2
26009,1.676,1-2
26011,1.6393,1-2
26013,3.2787,3-4
26015,0.1645,0-1
26017,0.2639,0-1
26019,1.2579,1-2
26021,0.4813,0-1
26023,0,0
26025,0.194,0-1
26027,0.3968,0-1
26029,0.9174,0-1
26031,1.4925,1-2
26033,1.2755,1-2
26035,0.3876,0-1
26037,0.1152,0-1
26039,0.9259,0-1
26041,0.5952,0-1
26043,0.4184,0-1
26045,0.0805,0-1
26047,0.974,0-1
26049,0.1888,0-1
26051,1.0309,1-2
26053,1.8018,1-2
26055,0.499,0-1
26057,0.237,0-1
26059,0.2053,0-1
26061,1.199,1-2
26063,0.7968,0-1
26065,0.1332,0-1
26067,0.1531,0-1
26069,1.0811,1-2
26071,2.6316,2-3
26073,0.2364,0-1
26075,0.3521,0-1
26077,0.1338,0-1
26079,0.5988,0-1
26081,0.1654,0-1
26083,0,0
26085,1.2195,1-2
26087,0.1131,0-1
26089,1.1494,1-2
26091,0.1953,0-1
26093,0.0508,0-1
26095,2.381,2-3
26097,2.439,2-3
26099,0.117,0-1
26101,1.6216,1-2
26103,0.4796,0-1
26105,0.3731,0-1
26107,0.3584,0-1
26109,1.4634,1-2
26111,0.1072,0-1
26113,1.3793,1-2
26115,0.246,0-1
26117,0.3091,0-1
26119,4.918,4-5
26121,0.205,0-1
26123,0.9132,0-1
26125,0.0682,0-1
26127,0.8658,0-1
26129,1.1905,1-2
26131,9.0909,5-10
26133,0.4808,0-1
26135,1.5625,1-2
26137,0.431,0-1
26139,0.1099,0-1
26141,3.4483,3-4
26143,2.5478,2-3
26145,0.4966,0-1
26147,0.2786,0-1
26149,3.2787,3-4
26151,0.1359,0-1
26153,0.1195,0-1
26155,0,0
26157,0.2062,0-1
26159,0.1287,0-1
26161,0.1085,0-1
26163,0.1624,0-1
26165,0.59,0-1
27001,0,0
27003,0.0248,0-1
27005,0.9772,0-1
27007,0.3472,0-1
27009,0,0
27011,0,0
27013,0.2896,0-1
27015,0.3817,0-1
27017,0.8696,0-1
27019,0,0
27021,1.6667,1-2
27023,0,0
27025,0.3546,0-1
27027,0.2208,0-1
27029,0,0
27031,7.1429,5-10
27033,0,0
27035,0,0
27037,0.02,0-1
27039,0.4329,0-1
27041,0.2681,0-1
27043,0,0
27045,0,0
27047,0,0
27049,0.2165,0-1
27051,0,0
27053,0.174,0-1
27055,0,0
27057,0,0
27059,0.2364,0-1
27061,1.0724,1-2
27063,0,0
27065,0.7092,0-1
27067,0.2242,0-1
27069,0,0
27071,2.8846,2-3
27073,0,0
27075,1.2195,1-2
27077,0,0
27079,0,0
27081,0,0
27083,0.6536,0-1
27085,3.9216,3-4
27087,0,0
27089,0,0
27091,0.2611,0-1
27093,0,0
27095,0.3802,0-1
27097,0,0
27099,0.2392,0-1
27101,0,0
27103,0,0
27105,0.8584,0-1
27107,1.7544,1-2
27109,0.0534,0-1
27111,0.3914,0-1
27113,0,0
27115,0.4274,0-1
27117,0,0
27119,0.2933,0-1
27121,0,0
27123,0.2135,0-1
27125,2.9412,2-3
27127,0,0
27129,0,0
27131,0.1256,0-1
27133,0,0
27135,0,0
27137,0.0587,0-1
27139,0,0
27141,0,0
27143,0.7653,0-1
27145,0.0494,0-1
27147,0,0
27149,1.6,1-2
27151,0,0
27153,0.4808,0-1
27155,0,0
27157,0.4739,0-1
27159,0.8065,0-1
27161,0,0
27163,0,0
27165,0.9804,0-1
27167,0,0
27169,0.1348,0-1
27171,0,0
27173,0,0
28001,0.9288,0-1
28003,0.4728,0-1
28005,1.6667,1-2
28007,0.5236,0-1
28009,1.1111,1-2
28011,1.1521,1-2
28013,1.3699,1-2
28015,1.0204,1-2
28017,1.6304,1-2
28019,1.2658,1-2
28021,1.4599,1-2
28023,0.5435,0-1
28025,0.4464,0-1
28027,0.9434,0-1
28029,0.8721,0-1
28031,0.9434,0-1
28033,0.0873,0-1
28035,0.8532,0-1
28037,2.7027,2-3
28039,0.4032,0-1
28041,0.813,0-1
28043,0.7968,0-1
28045,0.3976,0-1
28047,0.349,0-1
28049,0.5149,0-1
28051,0.9217,0-1
28053,2.1739,2-3
28055,0,0
28057,0.7273,0-1
28059,0.2313,0-1
28061,1.0989,1-2
28063,3.7975,3-4
28065,1.6949,1-2
28067,0.25,0-1
28069,3.5398,3-4
28071,0.1093,0-1
28073,0.3593,0-1
28075,0.2155,0-1
28077,2.2556,2-3
28079,0.8658,0-1
28081,0.0946,0-1
28083,0.5013,0-1
28085,0.7335,0-1
28087,0.1295,0-1
28089,0.2918,0-1
28091,0.7634,0-1
28093,0.7264,0-1
28095,0.8108,0-1
28097,1.9417,1-2
28099,1.2422,1-2
28101,0.8299,0-1
28103,1.5873,1-2
28105,0.2179,0-1
28107,0.5168,0-1
28109,0.3273,0-1
28111,2.1898,2-3
28113,0.6316,0-1
28115,0.271,0-1
28117,0.7273,0-1
28119,2.439,2-3
28121,0.2552,0-1
28123,0.974,0-1
28125,2.1277,2-3
28127,0.639,0-1
28129,1.8519,1-2
28131,0.4975,0-1
28133,1.3201,1-2
28135,0.7407,0-1
28137,0.5666,0-1
28139,1.2552,1-2
28141,0.5155,0-1
28143,2.1277,2-3
28145,0.3236,0-1
28147,1.3158,1-2
28149,0.6969,0-1
28151,0.8503,0-1
28153,0.4425,0-1
28155,1.0101,1-2
28157,1.2658,1-2
28159,1.0811,1-2
28161,0.7576,0-1
28163,1.0417,1-2
29001,0.6897,0-1
29003,0.5348,0-1
29005,2.1277,2-3
29007,0.8451,0-1
29009,1.5432,1-2
29011,1.8018,1-2
29013,1.1834,1-2
29015,1.5385,1-2
29017,0.8065,0-1
29019,0.1708,0-1
29021,0.3795,0-1
29023,0.4274,0-1
29025,3.3708,3-4
29027,0.3738,0-1
29029,1.108,1-2
29031,0.1903,0-1
29033,2.381,2-3
29035,3.3898,3-4
29037,0.4337,0-1
29039,0,0
29041,6.3492,5-10
29043,0,0
29045,1.5625,1-2
29047,0.1325,0-1
29049,0,0
29051,0.2301,0-1
29053,0,0
29055,0,0
29057,1.6393,1-2
29059,0.6369,0-1
29061,0,0
29063,0,0
29065,0,0
29067,0.9346,0-1
29069,0.2976,0-1
29071,0.3604,0-1
29073,0,0
29075,1.5873,1-2
29077,0.1274,0-1
29079,1.0101,1-2
29081,2.7027,2-3
29083,1.0101,1-2
29085,3.125,3-4
29087,5.4054,5-10
29089,0.9091,0-1
29091,0.6977,0-1
29093,2.2222,2-3
29095,0.1441,0-1
29097,0.2033,0-1
29099,0.1168,0-1
29101,0.1261,0-1
29103,2.9412,2-3
29105,0.2611,0-1
29107,0.8824,0-1
29109,0.2695,0-1
29111,0.8621,0-1
29113,0,0
29115,0.885,0-1
29117,0.5128,0-1
29119,0.7634,0-1
29121,0.8333,0-1
29123,0,0
29125,0.6098,0-1
29127,0.8299,0-1
29129,0,0
29131,0.8197,0-1
29133,1.6129,1-2
29135,0.6135,0-1
29137,1.3699,1-2
29139,0,0
29141,1.1628,1-2
29143,1.6854,1-2
29145,0.3221,0-1
29147,0,0
29149,1.087,1-2
29151,0,0
29153,1.4493,1-2
29155,1.0811,1-2
29157,0.5155,0-1
29159,0.4098,0-1
29161,0.5725,0-1
29163,0.6289,0-1
29165,0.0829,0-1
29167,0.2618,0-1
29169,0,0
29171,2.439,2-3
29173,1.0204,1-2
29175,0.3717,0-1
29177,0.4274,0-1
29179,1.9231,1-2
29181,0.7634,0-1
29183,0.7605,0-1
29185,0,0
29186,0,0
29187,0.4619,0-1
29189,1.4286,1-2
29195,0,0
29197,0.0634,0-1
29199,4.1096,4-5
29201,0.1445,0-1
29203,0.1318,0-1
29205,0,0
29207,1.0453,1-2
29209,1.2097,1-2
29211,1.7241,1-2
29213,0.4862,0-1
29215,0.9217,0-1
29217,0.9346,0-1
29219,0.5602,0-1
29221,0.4202,0-1
29223,0,0
29225,0.7444,0-1
29227,0,0
29229,1.8182,1-2
29510,0.187,0-1
30001,2.8846,2-3
30003,2.8571,2-3
30005,4.4118,4-5
30007,0,0
30009,2.1277,2-3
30011,0,0
30013,0.3195,0-1
30015,0,0
30017,0.8264,0-1
30019,0,0
30021,1.0989,1-2
30023,2.6316,2-3
30025,3.3333,3-4
30027,2.0408,2-3
30029,0.3781,0-1
30031,0.2616,0-1
30033,0,0
30035,1.3333,1-2
30037,0,0
30039,0,0
30041,1.6667,1-2
30043,0,0
30045,0,0
30047,2.1661,2-3
30049,0.5319,0-1
30051,0,0
30053,1.4085,1-2
30055,3.4483,3-4
30057,0,0
30059,0,0
30061,3.4483,3-4
30063,0.3007,0-1
30065,0,0
30067,0.6757,0-1
30069,0,0
30071,0,0
30073,3.3898,3-4
30075,7.6923,5-10
30077,0,0
30079,0,0
30081,0.2907,0-1
30083,1.6529,1-2
30085,4.0984,4-5
30087,4.3956,4-5
30089,0,0
30091,0,0
30093,0.7614,0-1
30095,0,0
30097,0,0
30099,0,0
30101,5.1282,5-10
30103,20,10+
30105,2.9851,2-3
30107,0,0
30109,0,0
30111,0.3145,0-1
31001,0.2849,0-1
31003,4,3-4
31005,0,0
31007,0,0
31009,0,0
31011,0,0
31013,0.9259,0-1
31015,0,0
31017,0,0
31019,0.1477,0-1
31021,0,0
31023,0,0
31025,0.3922,0-1
31027,0,0
31029,0,0
31031,0,0
31033,0,0
31035,0,0
31037,0,0
31039,0,0
31041,0,0
31043,0.4219,0-1
31045,0.8403,0-1
31047,0.3906,0-1
31049,0,0
31051,0,0
31053,0.5051,0-1
31055,0.2744,0-1
31057,0,0
31059,0,0
31061,0,0
31063,0,0
31065,0,0
31067,0.4762,0-1
31069,0,0
31071,0,0
31073,0,0
31075,0,0
31077,0,0
31079,0.1422,0-1
31081,0,0
31083,0,0
31085,0,0
31087,0,0
31089,0,0
31091,0,0
31093,0,0
31095,0,0
31097,2.8571,2-3
31099,0,0
31101,0,0
31103,0,0
31105,0,0
31107,3.0303,3-4
31109,0.0694,0-1
31111,0.2639,0-1
31113,0,0
31115,0,0
31117,0.5013,0-1
31119,0,0
31121,0,0
31123,0,0
31125,0,0
31127,1.3514,1-2
31129,0,0
31131,0,0
31133,0,0
31135,0,0
31137,0,0
31139,0,0
31141,0.5764,0-1
31143,0,0
31145,0.9524,0-1
31147,1.4925,1-2
31149,0,0
31151,0.6579,0-1
31153,0.0439,0-1
31155,0,0
31157,0.5013,0-1
31159,0,0
31161,2.3256,2-3
31163,0,0
31165,0,0
31167,0,0
31169,2.5641,2-3
31171,0,0
31173,4.0541,4-5
31175,0,0
31177,0,0
31179,0,0
31181,0,0
31183,0,0
31185,0,0
32001,0.7722,0-1
32003,0.0575,0-1
32005,0.7353,0-1
32007,0.7752,0-1
32009,0,0
32011,10.5263,10+
32013,1.0526,1-2
32015,5.0847,5-10
32017,2.2727,2-3
32019,0.7519,0-1
32021,5,4-5
32023,0.8671,0-1
32027,4.4444,4-5
32029,3.4483,3-4
32031,0.1601,0-1
32033,2.4691,2-3
32510,0.363,0-1
33001,0.3263,0-1
33003,0.5277,0-1
33005,0.1085,0-1
33007,1.773,1-2
33009,0.6404,0-1
33011,0.1827,0-1
33013,0.2338,0-1
33015,0.1787,0-1
33017,0.0551,0-1
33019,0.4525,0-1
34001,0.1888,0-1
34003,0.0535,0-1
34005,0.077,0-1
34007,0.1565,0-1
34009,0.443,0-1
34011,0.345,0-1
34013,0.1435,0-1
34015,0.0847,0-1
34017,0.1352,0-1
34019,0.0794,0-1
34021,0.1673,0-1
34023,0.0722,0-1
34025,0.1007,0-1
34027,0.1053,0-1
34029,0.1492,0-1
34031,0.0618,0-1
34033,0.2853,0-1
34035,0.0254,0-1
34037,0.0655,0-1
34039,0.0581,0-1
34041,0.1698,0-1
35001,0.492,0-1
35003,10.5263,10+
35005,0.5236,0-1
35006,1.3115,1-2
35007,2.0202,2-3
35009,0.4673,0-1
35011,13.3333,10+
35013,0.7821,0-1
35015,0.7364,0-1
35017,3.0534,3-4
35019,5.7143,5-10
35021,50,10+
35023,8.1081,5-10
35025,0.3542,0-1
35027,0.6757,0-1
35028,0.5556,0-1
35029,2,1-2
35031,1.2513,1-2
35033,10.8108,10+
35035,0.8054,0-1
35037,2.7778,2-3
35039,2.5701,2-3
35041,1.4652,1-2
35043,0.9475,0-1
35045,1.9802,1-2
35047,1.1166,1-2
35049,1.241,1-2
35051,2.8169,2-3
35053,3.0303,3-4
35055,3.6545,3-4
35057,3.5714,3-4
35059,3.125,3-4
35061,0.486,0-1
36001,0.0686,0-1
36003,0.9615,0-1
36005,0.39,0-1
36007,0.334,0-1
36009,0.7117,0-1
36011,0.6017,0-1
36013,0.2831,0-1
36015,0.1038,0-1
36017,0.4301,0-1
36019,0.2014,0-1
36021,0.3333,0-1
36023,0.8824,0-1
36025,0.4762,0-1
36027,0.2588,0-1
36029,0.1143,0-1
36031,1.2195,1-2
36033,0.8016,0-1
36035,0.1733,0-1
36037,0.159,0-1
36039,0.2342,0-1
36041,3.0303,3-4
36043,0,0
36045,0.561,0-1
36047,0.1708,0-1
36049,0.7547,0-1
36051,0.5051,0-1
36053,0.2345,0-1
36055,0.2201,0-1
36057,0.1842,0-1
36059,0.1059,0-1
36061,0.2293,0-1
36063,0.208,0-1
36065,0.0774,0-1
36067,0.2381,0-1
36069,0.2471,0-1
36071,0.3339,0-1
36073,0.4348,0-1
36075,1.0784,1-2
36077,0.3827,0-1
36079,0.1867,0-1
36081,0.1185,0-1
36083,0.1011,0-1
36085,0.1685,0-1
36087,0.1856,0-1
36089,0.0765,0-1
36091,0.1059,0-1
36093,0.5848,0-1
36095,0.578,0-1
36097,0.5618,0-1
36099,0.3046,0-1
36101,0.3839,0-1
36103,0.0914,0-1
36105,0.4104,0-1
36107,0.5941,0-1
36109,0.0566,0-1
36111,0.3467,0-1
36113,1.4728,1-2
36115,0.3195,0-1
36117,0.3125,0-1
36119,0.216,0-1
36121,0.8043,0-1
36123,1.0345,1-2
37001,0.2064,0-1
37003,0.2703,0-1
37005,2.3529,2-3
37007,0.813,0-1
37009,0.9174,0-1
37011,1.3072,1-2
37013,0.6186,0-1
37015,1.7544,1-2
37017,0.5952,0-1
37019,0.1832,0-1
37021,0.1292,0-1
37023,0.2165,0-1
37025,0.1213,0-1
37027,0.3501,0-1
37029,0.9259,0-1
37031,0.1511,0-1
37033,1.5385,1-2
37035,0.1146,0-1
37037,0.4573,0-1
37039,0.8811,0-1
37041,0.7519,0-1
37043,1.1905,1-2
37045,0.0901,0-1
37047,1.4134,1-2
37049,0.1645,0-1
37051,0.1286,0-1
37053,0.3759,0-1
37055,0.59,0-1
37057,0.2246,0-1
37059,0.2398,0-1
37061,2.0443,2-3
37063,0.2168,0-1
37065,0.7874,0-1
37067,0.1066,0-1
37069,0.2903,0-1
37071,0.2693,0-1
37073,1.7391,1-2
37075,2.5316,2-3
37077,0.161,0-1
37079,0.5319,0-1
37081,0.0707,0-1
37083,0.3559,0-1
37085,0.2364,0-1
37087,0.3311,0-1
37089,0.5505,0-1
37091,1.626,1-2
37093,0.1368,0-1
37095,4.878,4-5
37097,0.1527,0-1
37099,0.1706,0-1
37101,0.1348,0-1
37103,2.1277,2-3
37105,0.1449,0-1
37107,0.3241,0-1
37109,0.2328,0-1
37111,0.6969,0-1
37113,0.4255,0-1
37115,0.9217,0-1
37117,0.2146,0-1
37119,0.0518,0-1
37121,2.381,2-3
37123,0.7491,0-1
37125,0.2083,0-1
37127,0.1857,0-1
37129,0.1308,0-1
37131,0.5405,0-1
37133,0.0762,0-1
37135,0.2262,0-1
37137,0.9524,0-1
37139,0.2083,0-1
37141,0.1621,0-1
37143,0.8264,0-1
37145,0.4751,0-1
37147,0.1048,0-1
37149,1.3158,1-2
37151,0.1277,0-1
37153,0.1934,0-1
37155,0.2987,0-1
37157,0.2068,0-1
37159,0.1252,0-1
37161,0.289,0-1
37163,1.1129,1-2
37165,0.5063,0-1
37167,0.1543,0-1
37169,0.2141,0-1
37171,0.1357,0-1
37173,2.5974,2-3
37175,0.6515,0-1
37177,2.8571,2-3
37179,0.0768,0-1
37181,0.1953,0-1
37183,0.069,0-1
37185,0.5848,0-1
37187,1.8349,1-2
37189,0.2268,0-1
37191,0.4079,0-1
37193,0.1468,0-1
37195,0.3125,0-1
37197,0.2604,0-1
37199,0.6623,0-1
38001,0,0
38003,1.8868,1-2
38005,1.5385,1-2
38007,0,0
38009,0,0
38011,0,0
38013,0,0
38015,0.0873,0-1
38017,0.1874,0-1
38019,0,0
38021,0,0
38023,5.5556,5-10
38025,4.878,4-5
38027,0,0
38029,0,0
38031,3.4483,3-4
38033,0,0
38035,0.2712,0-1
38037,0,0
38039,0,0
38041,0,0
38043,0,0
38045,0,0
38047,0,0
38049,0,0
38051,0,0
38053,0.7042,0-1
38055,1.2195,1-2
38057,2.7027,2-3
38059,0,0
38061,5.6075,5-10
38063,0,0
38065,6.25,5-10
38067,0,0
38069,0,0
38071,0.9009,0-1
38073,2.1739,2-3
38075,0,0
38077,0.5291,0-1
38079,2.5974,2-3
38081,0,0
38083,11.1111,10+
38085,3.7037,3-4
38087,0,0
38089,0.2611,0-1
38091,0,0
38093,0.4405,0-1
38095,0,0
38097,0,0
38099,0,0
38101,0.1064,0-1
38103,0,0
38105,0.4739,0-1
39001,1.4599,1-2
39003,0.346,0-1
39005,0.1653,0-1
39007,0.2016,0-1
39009,0.2674,0-1
39011,0,0
39013,0.5988,0-1
39015,0.8696,0-1
39017,0.0842,0-1
39019,0.369,0-1
39021,0.2445,0-1
39023,0.2667,0-1
39025,0.1738,0-1
39027,0.6383,0-1
39029,0.1955,0-1
39031,0.5222,0-1
39033,0,0
39035,0.1685,0-1
39037,0.7619,0-1
39039,0.4751,0-1
39041,0.1337,0-1
39043,0.2548,0-1
39045,0.4709,0-1
39047,0.6309,0-1
39049,0.1247,0-1
39051,0.2212,0-1
39053,0.3067,0-1
39055,0.1111,0-1
39057,0.0486,0-1
39059,0.4831,0-1
39061,0.4013,0-1
39063,0.1119,0-1
39065,0.5305,0-1
39067,2.1583,2-3
39069,0.738,0-1
39071,0.9346,0-1
39073,0.3378,0-1
39075,0.207,0-1
39077,0.3195,0-1
39079,0.2755,0-1
39081,0.4093,0-1
39083,0.1408,0-1
39085,0.0405,0-1
39087,1.1976,1-2
39089,0.0512,0-1
39091,0.4158,0-1
39093,0.2091,0-1
39095,0.2621,0-1
39097,0.4608,0-1
39099,0.0807,0-1
39101,0.1517,0-1
39103,0.0529,0-1
39105,0.8969,0-1
39107,0,0
39109,0.0881,0-1
39111,0.8,0-1
39113,0.187,0-1
39115,0,0
39117,0,0
39119,0.2024,0-1
39121,0.9091,0-1
39123,0.2725,0-1
39125,0,0
39127,0.5128,0-1
39129,0.3257,0-1
39131,0.7117,0-1
39133,0.092,0-1
39135,0.2513,0-1
39137,0,0
39139,0.8987,0-1
39141,0.1259,0-1
39143,0.9464,0-1
39145,0.4711,0-1
39147,0.3252,0-1
39149,0,0
39151,0.1684,0-1
39153,0.0787,0-1
39155,0.0954,0-1
39157,0.1032,0-1
39159,0.266,0-1
39161,0.3333,0-1
39163,0.7874,0-1
39165,0.1205,0-1
39167,0,0
39169,0.0765,0-1
39171,0.565,0-1
39173,0.1097,0-1
39175,0.4739,0-1
40001,1.6949,1-2
40003,2.2727,2-3
40005,1.5267,1-2
40007,3.9216,3-4
40009,0.8439,0-1
40011,2.2222,2-3
40013,0.3559,0-1
40015,1.4599,1-2
40017,0.2332,0-1
40019,0.5376,0-1
40021,0.9174,0-1
40023,2.069,2-3
40025,0,0
40027,0.2259,0-1
40029,3.5088,3-4
40031,0.253,0-1
40033,1.6949,1-2
40035,1.5385,1-2
40037,0.5155,0-1
40039,0.9756,0-1
40041,0.5391,0-1
40043,0,0
40045,0,0
40047,0.2821,0-1
40049,1.0601,1-2
40051,0.1618,0-1
40053,5.1282,5-10
40055,2.1277,2-3
40057,4,3-4
40059,6.0606,5-10
40061,2.5,2-3
40063,1.7094,1-2
40065,0.3226,0-1
40067,1.8519,1-2
40069,2.5862,2-3
40071,1.2346,1-2
40073,0.6369,0-1
40075,1.1905,1-2
40077,1.8349,1-2
40079,0.9276,0-1
40081,0.2667,0-1
40083,0.3643,0-1
40085,0.9709,0-1
40087,1.4085,1-2
40089,0.6803,0-1
40091,0.4866,0-1
40093,0.6897,0-1
40095,1.4881,1-2
40097,2.907,2-3
40099,0.7246,0-1
40101,0.486,0-1
40103,0.9346,0-1
40105,1.9608,1-2
40107,1.8519,1-2
40109,0.1353,0-1
40111,1.139,1-2
40113,1.6563,1-2
40115,0.8451,0-1
40117,1.7544,1-2
40119,0.2222,0-1
40121,0.6652,0-1
40123,0.8097,0-1
40125,0.4338,0-1
40127,2.0619,2-3
40129,0,0
40131,0.286,0-1
40133,1.9608,1-2
40135,0.6522,0-1
40137,0.2096,0-1
40139,0.4132,0-1
40141,1.4925,1-2
40143,0.1086,0-1
40145,0.4499,0-1
40147,0.6897,0-1
40149,0,0
40151,0.9615,0-1
40153,0.4425,0-1
41001,0.7634,0-1
41003,0.3663,0-1
41005,0.254,0-1
41007,0.4831,0-1
41009,0.7394,0-1
41011,0.9646,0-1
41013,1.3953,1-2
41015,1.7341,1-2
41017,0.6391,0-1
41019,1.0466,1-2
41021,0,0
41023,1.8182,1-2
41025,1.5152,1-2
41027,1.145,1-2
41029,0.795,0-1
41031,1.3953,1-2
41033,0.6219,0-1
41035,0.8487,0-1
41037,4.918,4-5
41039,0.2552,0-1
41041,1.6667,1-2
41043,0.1414,0-1
41045,1.3423,1-2
41047,0.1707,0-1
41049,2.5,2-3
41051,0.3386,0-1
41053,0.3791,0-1
41055,0,0
41057,1.8265,1-2
41059,0.4779,0-1
41061,0.6494,0-1
41063,3.6364,3-4
41065,0.7117,0-1
41067,0.1144,0-1
41069,12.5,10+
41071,0.3962,0-1
42001,0.1795,0-1
42003,0.2723,0-1
42005,0.1527,0-1
42007,0.2245,0-1
42009,0.6865,0-1
42011,0.1431,0-1
42013,0.1484,0-1
42015,0.1631,0-1
42017,0.0724,0-1
42019,0.2435,0-1
42021,0.2137,0-1
42023,2.5641,2-3
42025,0,0
42027,0.0407,0-1
42029,0.0663,0-1
42031,0.6623,0-1
42033,0.3871,0-1
42035,0,0
42037,0.1121,0-1
42039,0.2103,0-1
42041,0.0999,0-1
42043,0.0891,0-1
42045,0.1128,0-1
42047,0.3802,0-1
42049,0.1817,0-1
42051,0.3674,0-1
42053,0,0
42055,0.348,0-1
42057,1.4599,1-2
42059,1.3587,1-2
42061,0.2217,0-1
42063,0.2775,0-1
42065,0.2375,0-1
42067,0,0
42069,0.246,0-1
42071,0.1235,0-1
42073,0.2157,0-1
42075,0.1921,0-1
42077,0.1132,0-1
42079,0.1996,0-1
42081,0.076,0-1
42083,0,0
42085,0.9992,0-1
42087,0.4211,0-1
42089,0.1031,0-1
42091,0.0722,0-1
42093,0,0
42095,0.057,0-1
42097,0.1056,0-1
42099,0,0
42101,0.3176,0-1
42103,0,0
42105,0,0
42107,0.14,0-1
42109,0.2075,0-1
42111,0.1427,0-1
42113,0,0
42115,0.8403,0-1
42117,1.4151,1-2
42119,0.2033,0-1
42121,0.1938,0-1
42123,0.2625,0-1
42125,0.3106,0-1
42127,0.9615,0-1
42129,0.1109,0-1
42131,1.0204,1-2
42133,0.1565,0-1
44001,0,0
44003,0.4246,0-1
44005,0.1075,0-1
44007,0.3036,0-1
44009,0.2656,0-1
45001,0.7435,0-1
45003,0.2592,0-1
45005,2.5,2-3
45007,0.0884,0-1
45009,1.2739,1-2
45011,1.31,1-2
45013,0.1605,0-1
45015,0.1489,0-1
45017,1.3333,1-2
45019,0.166,0-1
45021,0.2894,0-1
45023,0.5525,0-1
45025,1.0395,1-2
45027,0.9404,0-1
45029,0.5208,0-1
45031,0.6297,0-1
45033,0.2899,0-1
45035,0.1532,0-1
45037,0.3953,0-1
45039,2.8226,2-3
45041,0.4497,0-1
45043,1.0292,1-2
45045,0.0796,0-1
45047,0.5624,0-1
45049,1.005,1-2
45051,0.2856,0-1
45053,1.2903,1-2
45055,0.5587,0-1
45057,0.1017,0-1
45059,0.2564,0-1
45061,1.7857,1-2
45063,0.1723,0-1
45065,0.5797,0-1
45067,1.7986,1-2
45069,5.1724,5-10
45071,0.7177,0-1
45073,0.1323,0-1
45075,0.6481,0-1
45077,0.184,0-1
45079,0.1928,0-1
45081,1.4563,1-2
45083,0.1871,0-1
45085,0.3771,0-1
45087,0.3279,0-1
45089,0.9404,0-1
45091,0.1235,0-1
46003,8.6957,5-10
46005,1.0929,1-2
46007,5.1282,5-10
46009,2.2222,2-3
46011,0.1776,0-1
46013,0.4292,0-1
46015,4.1667,4-5
46017,8.6957,5-10
46019,0,0
46021,0,0
46023,2.2989,2-3
46025,0,0
46027,0.3745,0-1
46029,0.3195,0-1
46031,6.9767,5-10
46033,1.5385,1-2
46035,0.4505,0-1
46037,0,0
46039,0,0
46041,8.0645,5-10
46043,4.3478,4-5
46045,0,0
46047,1.9608,1-2
46049,0,0
46051,1.6667,1-2
46053,3.3333,3-4
46055,6.6667,5-10
46057,1.8519,1-2
46059,4,3-4
46061,0,0
46063,0,0
46065,0.9901,0-1
46067,0,0
46069,9.0909,5-10
46071,5.8824,5-10
46073,14.2857,10+
46075,12.5,10+
46077,4.6512,4-5
46079,0.9091,0-1
46081,0.3378,0-1
46083,0.2874,0-1
46085,5.2632,5-10
46087,0,0
46089,0,0
46091,0,0
46093,0.6309,0-1
46095,4.7619,4-5
46097,16.6667,10+
46099,0.2119,0-1
46101,3.5088,3-4
46103,0.493,0-1
46105,8,5-10
46107,5.8824,5-10
46109,2.0833,2-3
46111,5.2632,5-10
46113,0,0
46115,1.6949,1-2
46117,3.7037,3-4
46119,7.6923,5-10
46121,0.8475,0-1
46123,2.1277,2-3
46125,0,0
46127,1.2658,1-2
46129,2.0833,2-3
46135,0.4329,0-1
46137,3.2258,3-4
47001,0.2475,0-1
47003,0.1792,0-1
47005,0.7299,0-1
47007,1.7094,1-2
47009,0.2141,0-1
47011,0.1582,0-1
47013,0.7042,0-1
47015,1.3423,1-2
47017,0.3623,0-1
47019,0.5,0-1
47021,0.2237,0-1
47023,0.8584,0-1
47025,0.8902,0-1
47027,3.0303,3-4
47029,1.6216,1-2
47031,0.3273,0-1
47033,0.6289,0-1
47035,0.3906,0-1
47037,0.16,0-1
47039,0.9615,0-1
47041,1.0582,1-2
47043,0.3367,0-1
47045,0.2268,0-1
47047,0.4914,0-1
47049,1.227,1-2
47051,0.2075,0-1
47053,0.578,0-1
47055,0.3436,0-1
47057,1.7467,1-2
47059,0.2809,0-1
47061,2.3438,2-3
47063,0.2911,0-1
47065,0.2439,0-1
47067,3.1746,3-4
47069,0.9009,0-1
47071,2.1097,2-3
47073,1.1905,1-2
47075,1.0417,1-2
47077,0.3509,0-1
47079,0.3205,0-1
47081,0.7843,0-1
47083,1.3158,1-2
47085,0.5814,0-1
47087,1.8018,1-2
47089,0.5146,0-1
47091,1.4388,1-2
47093,0.1653,0-1
47095,6.1224,5-10
47097,0.7353,0-1
47099,0.2123,0-1
47101,1.7857,1-2
47103,0.3145,0-1
47105,0.4211,0-1
47107,0.722,0-1
47109,0.0806,0-1
47111,0.3322,0-1
47113,0.5405,0-1
47115,0.1847,0-1
47117,0.3478,0-1
47119,0.8097,0-1
47121,1.8018,1-2
47123,1.3986,1-2
47125,0.0688,0-1
47127,1.5873,1-2
47129,0.9804,0-1
47131,0.3012,0-1
47133,0.8734,0-1
47135,2.7778,2-3
47137,4.878,4-5
47139,1.7544,1-2
47141,0.2068,0-1
47143,0.5682,0-1
47145,0.1938,0-1
47147,0.1248,0-1
47149,0.0899,0-1
47151,2.6316,2-3
47153,0.6579,0-1
47155,0.095,0-1
47157,0.1976,0-1
47159,0.9479,0-1
47161,1.6667,1-2
47163,0.2427,0-1
47165,0.2374,0-1
47167,0.1362,0-1
47169,2.1505,2-3
47171,1.1561,1-2
47173,0.9709,0-1
47175,4.0816,4-5
47177,0.4566,0-1
47179,0.2474,0-1
47181,1.4388,1-2
47183,0.6897,0-1
47185,0.7874,0-1
47187,0.1231,0-1
47189,0.0651,0-1
48001,0,0
48003,0.463,0-1
48005,0,0
48007,0.4348,0-1
48009,0,0
48011,0,0
48013,0.3503,0-1
48015,2.5559,2-3
48017,1.3889,1-2
48019,0,0
48021,0.2262,0-1
48023,0,0
48025,0.6601,0-1
48027,0.1046,0-1
48029,0.1033,0-1
48031,0,0
48033,0,0
48035,0,0
48037,0.3728,0-1
48039,0.1132,0-1
48041,0.0762,0-1
48043,2.1277,2-3
48045,0,0
48047,1.4706,1-2
48049,0.4695,0-1
48051,1.1173,1-2
48053,0.2326,0-1
48055,0.5917,0-1
48057,0,0
48059,2.1277,2-3
48061,0.1751,0-1
48063,0,0
48065,0,0
48067,0.3509,0-1
48069,0,0
48071,0.611,0-1
48073,0.361,0-1
48075,0,0
48077,0,0
48079,0,0
48081,0,0
48083,0,0
48085,0.0495,0-1
48087,0,0
48089,0,0
48091,0.07,0-1
48093,0.8475,0-1
48095,4.7619,4-5
48097,0,0
48099,0,0
48101,0,0
48103,0,0
48105,0,0
48107,0,0
48109,0,0
48111,0,0
48113,0.0869,0-1
48115,1.5152,1-2
48117,0.5556,0-1
48119,0.4608,0-1
48121,2.1739,2-3
48123,0.0797,0-1
48125,7.6923,5-10
48127,1.7391,1-2
48129,0,0
48131,0,0
48133,0,0
48135,0.0482,0-1
48137,0,0
48139,0.1467,0-1
48141,0.097,0-1
48143,0.1555,0-1
48145,0,0
48147,0.3367,0-1
48149,0.4587,0-1
48151,0,0
48153,0,0
48155,0,0
48157,0.1485,0-1
48159,0,0
48161,0,0
48163,1.1976,1-2
48165,0.4274,0-1
48167,0.1248,0-1
48169,0,0
48171,0.4464,0-1
48173,0,0
48175,1.3889,1-2
48177,0.4831,0-1
48179,0,0
48181,0.0694,0-1
48183,0.5323,0-1
48185,0.4065,0-1
48187,0.053,0-1
48189,0.5208,0-1
48191,0,0
48193,0,0
48195,0,0
48197,0,0
48199,0.1572,0-1
48201,0.0764,0-1
48203,0.1311,0-1
48205,0,0
48207,0,0
48209,0.0968,0-1
48211,0,0
48213,0,0
48215,0.1384,0-1
48217,0,0
48219,0.3509,0-1
48221,0,0
48223,0,0
48225,0,0
48227,0.2584,0-1
48229,3.8462,3-4
48231,0.0927,0-1
48233,0,0
48235,0,0
48237,0,0
48239,0,0
48241,0.8696,0-1
48243,0,0
48245,0.1317,0-1
48247,0,0
48249,0.211,0-1
48251,0,0
48253,0,0
48255,0.7937,0-1
48257,0.1387,0-1
48259,0,0
48261,0,0
48263,0,0
48265,0,0
48267,2.8571,2-3
48269,0,0
48271,0,0
48273,0.8715,0-1
48275,0,0
48277,2.8986,2-3
48279,0.3578,0-1
48281,0,0
48283,0,0
48285,0,0
48287,0.6061,0-1
48289,0.6711,0-1
48291,0.0962,0-1
48293,0.9132,0-1
48295,0,0
48297,0.9901,0-1
48299,0,0
48301,0,0
48303,0.223,0-1
48305,3.5714,3-4
48307,0.813,0-1
48309,1.2048,1-2
48311,0,0
48313,3.2258,3-4
48315,0.2421,0-1
48317,0.2874,0-1
48319,1.3699,1-2
48321,0.506,0-1
48323,14.2857,10+
48325,0.3953,0-1
48327,6.6667,5-10
48329,0.1381,0-1
48331,0,0
48333,0,0
48335,0,0
48337,0,0
48339,0.0603,0-1
48341,0,0
48343,0,0
48345,0,0
48347,0.1018,0-1
48349,0,0
48351,0.7299,0-1
48353,0.6329,0-1
48355,0.1506,0-1
48357,0,0
48359,0,0
48361,0.2035,0-1
48363,0,0
48365,0,0
48367,0,0
48369,0,0
48371,1.3333,1-2
48373,0,0
48375,0.3501,0-1
48377,3.0303,3-4
48379,0,0
48381,0.1157,0-1
48383,0,0
48385,7.1429,5-10
48387,0,0
48389,0.7353,0-1
48391,0,0
48393,0,0
48395,1.0929,1-2
48397,0,0
48399,0,0
48401,0.3676,0-1
48403,0,0
48405,0,0
48407,0.3984,0-1
48409,0.5096,0-1
48411,0,0
48413,0,0
48415,0.5495,0-1
48417,3.0303,3-4
48419,0.7576,0-1
48421,0,0
48423,0.1418,0-1
48425,0,0
48427,0,0
48429,1.2048,1-2
48431,0,0
48433,0,0
48435,0,0
48437,0,0
48439,0.0222,0-1
48441,0.1048,0-1
48443,0,0
48445,0.8475,0-1
48447,0,0
48449,0.2618,0-1
48451,0.1304,0-1
48453,0.1157,0-1
48455,0,0
48457,0,0
48459,0.2294,0-1
48461,0,0
48463,0.3106,0-1
48465,0.3478,0-1
48467,0,0
48469,0,0
48471,0,0
48473,0.411,0-1
48475,0,0
48477,0,0
48479,0.113,0-1
48481,0,0
48483,0,0
48485,0.1908,0-1
48487,0,0
48489,0.4329,0-1
48491,0.0577,0-1
48493,0.1919,0-1
48495,0,0
48497,0,0
48499,0,0
48501,1.1236,1-2
48503,0,0
48505,0.5682,0-1
48507,0.7634,0-1
49001,0,0
49003,0.6309,0-1
49005,0.152,0-1
49007,1.6736,1-2
49009,0,0
49011,0.0218,0-1
49013,0,0
49015,1.9048,1-2
49017,9.3023,5-10
49019,3,2-3
49021,0.4219,0-1
49023,0.7576,0-1
49025,1.5385,1-2
49027,1.6807,1-2
49029,0,0
49031,0,0
49033,4.3478,4-5
49035,0.0945,0-1
49037,3.2432,3-4
49039,1.662,1-2
49041,0.4608,0-1
49043,0.6682,0-1
49045,0.1183,0-1
49047,0.4338,0-1
49049,0.0541,0-1
49051,0.5464,0-1
49053,0.3915,0-1
49055,4.3478,4-5
49057,0.1508,0-1
50001,0.9804,0-1
50003,0.5319,0-1
50005,1.6287,1-2
50007,0.2926,0-1
50009,3.6364,3-4
50011,1.0453,1-2
50013,1.4706,1-2
50015,1.0563,1-2
50017,1.3514,1-2
50019,0.3922,0-1
50021,0.9662,0-1
50023,0.6154,0-1
50025,0.7194,0-1
50027,1.4388,1-2
51001,1.3289,1-2
51003,0.075,0-1
51510,0.2304,0-1
51005,1.4286,1-2
51007,2.3077,2-3
51009,0.5747,0-1
51011,0.5952,0-1
51013,0.0248,0-1
51015,0,0
51017,2.7027,2-3
51019,0.2587,0-1
51515,0,0
51021,3.9216,3-4
51023,0.3205,0-1
51520,1.5544,1-2
51025,1.4085,1-2
51027,2.0833,2-3
51029,1.2739,1-2
51530,1.2195,1-2
51031,0.1592,0-1
51033,0.5682,0-1
51035,0.7663,0-1
51036,2.9851,2-3
51037,2.7523,2-3
51540,0.2191,0-1
51550,0.0651,0-1
51041,0.0473,0-1
51043,0.7299,0-1
51570,0.4854,0-1
51580,1.8182,1-2
51045,2,1-2
51047,0.1786,0-1
51049,2.0408,2-3
51590,0.4167,0-1
51051,1.3072,1-2
51053,0.6192,0-1
51595,3.125,3-4
51057,0.8929,0-1
51059,0,0
51600,0,0
51610,0.5952,0-1
51061,0.1342,0-1
51063,1.3245,1-2
51065,0.3155,0-1
51067,0.3578,0-1
51620,2.1978,2-3
51069,0.1049,0-1
51630,0.3802,0-1
51640,1.4493,1-2
51071,0.5714,0-1
51073,0.2551,0-1
51075,0.4673,0-1
51077,0.7813,0-1
51079,0.4785,0-1
51081,0,0
51083,0.3106,0-1
51650,0.2122,0-1
51085,0.0889,0-1
51660,0.1835,0-1
51087,0.0466,0-1
51089,0.1984,0-1
51091,13.3333,10+
51670,0.3425,0-1
51093,0.2632,0-1
51095,0,0
51097,1.6667,1-2
51099,0.3546,0-1
51101,1.0695,1-2
51103,1.2821,1-2
51105,2.3923,2-3
51678,2.0408,2-3
51107,0.0402,0-1
51109,0.6006,0-1
51111,1.9608,1-2
51680,0.143,0-1
51113,0.8,0-1
51683,0.3578,0-1
51685,0,0
51690,2.0833,2-3
51115,2.8169,2-3
51117,0.7463,0-1
51119,1.2658,1-2
51121,0.1256,0-1
51125,1.5038,1-2
51127,0.4587,0-1
51700,0.1895,0-1
51710,0.1366,0-1
51131,2.9412,2-3
51133,1.1905,1-2
51720,0,0
51135,0.7692,0-1
51137,0.289,0-1
51139,0.4367,0-1
51141,0.7042,0-1
51730,0.7059,0-1
51143,0.3378,0-1
51735,0,0
51740,0.1564,0-1
51145,0.369,0-1
51147,0.6079,0-1
51149,0.4773,0-1
51153,0.0501,0-1
51155,0.3012,0-1
51750,0.2632,0-1
51157,1.5385,1-2
51159,7.5758,5-10
51760,0.4768,0-1
51161,0.0983,0-1
51770,0.3132,0-1
51163,0,0
51165,0,0
51167,0.7813,0-1
51775,0.3049,0-1
51169,0.9569,0-1
51171,0.2415,0-1
51173,0.6667,0-1
51175,1.227,1-2
51177,0.0626,0-1
51179,0.0555,0-1
51790,0.3165,0-1
51800,0.3617,0-1
51181,3.2787,3-4
51183,3.2967,3-4
51185,0.4866,0-1
51810,0.0488,0-1
51187,0.2237,0-1
51191,0.367,0-1
51820,0.3876,0-1
51193,0.6211,0-1
51830,0,0
51840,0.2825,0-1
51195,0.9639,0-1
51197,0.3584,0-1
51199,0,0
53001,0.8969,0-1
53003,0,0
53005,0.1718,0-1
53007,0.4773,0-1
53009,1.072,1-2
53011,0.0876,0-1
53013,3.0303,3-4
53015,0.3463,0-1
53017,0.4376,0-1
53019,6.7797,5-10
53021,0.5213,0-1
53023,5.8824,5-10
53025,0.542,0-1
53027,0.7174,0-1
53029,0,0
53031,1.9802,1-2
53033,0.2481,0-1
53035,0.3274,0-1
53037,0.295,0-1
53039,1.0989,1-2
53041,1.1321,1-2
53043,0,0
53045,0.5319,0-1
53047,2.4259,2-3
53049,2.5157,2-3
53051,1.8349,1-2
53053,0.089,0-1
53055,0.8475,0-1
53057,0.3734,0-1
53059,0.9009,0-1
53061,0.1203,0-1
53063,0.2374,0-1
53065,1.7544,1-2
53067,0.1448,0-1
53069,3.4483,3-4
53071,0.4149,0-1
53073,0.272,0-1
53075,0.1062,0-1
53077,0.5755,0-1
54001,1.5873,1-2
54003,0.1447,0-1
54005,1.2658,1-2
54007,3.0534,3-4
54009,1.2712,1-2
54011,0.96,0-1
54013,3.1746,3-4
54015,5.6818,5-10
54017,3.7975,3-4
54019,1.6018,1-2
54021,5.1948,5-10
54023,2.9703,2-3
54025,1.2384,1-2
54027,0.4386,0-1
54029,1.0345,1-2
54031,2.4194,2-3
54033,0.5333,0-1
54035,1.0989,1-2
54037,0.4658,0-1
54039,0.6283,0-1
54041,2.5974,2-3
54043,2.765,2-3
54045,1.4451,1-2
54047,0.7407,0-1
54049,0.3135,0-1
54051,0.6757,0-1
54053,2.907,2-3
54055,0.7429,0-1
54057,0.692,0-1
54059,1.6736,1-2
54061,0.2346,0-1
54063,4.386,4-5
54065,1.8868,1-2
54067,2.1368,2-3
54069,0.2114,0-1
54071,5.6604,5-10
54073,3.0303,3-4
54075,8.6957,5-10
54077,1.4085,1-2
54079,0.8251,0-1
54081,0.4944,0-1
54083,2.1277,2-3
54085,1.1494,1-2
54087,0.8065,0-1
54089,0.7463,0-1
54091,1.1696,1-2
54093,5.0847,5-10
54095,1.25,1-2
54097,1.5267,1-2
54099,0.6803,0-1
54101,5.4795,5-10
54103,0.7092,0-1
54105,1.7544,1-2
54107,0.431,0-1
54109,1.4634,1-2
55001,1.5504,1-2
55003,1.3699,1-2
55005,0.4963,0-1
55007,1.8868,1-2
55009,0.0955,0-1
55011,0,0
55013,1.7857,1-2
55015,0.7533,0-1
55017,1.092,1-2
55019,0.9646,0-1
55021,0.1712,0-1
55023,0.7576,0-1
55025,0.0652,0-1
55027,0,0
55029,0,0
55031,0.2075,0-1
55033,0.3284,0-1
55035,0.1321,0-1
55037,0,0
55039,0,0
55041,3.6585,3-4
55043,0.1656,0-1
55045,0,0
55047,0.6369,0-1
55049,0.4292,0-1
55051,2.5641,2-3
55053,1.1765,1-2
55055,0,0
55057,0.4608,0-1
55059,0.1956,0-1
55061,0,0
55063,0.0601,0-1
55065,0.6579,0-1
55067,1.2821,1-2
55069,0.3891,0-1
55071,0.1274,0-1
55073,0.347,0-1
55075,0.2825,0-1
55077,0,0
55078,2.0833,2-3
55079,0.1432,0-1
55081,0.6897,0-1
55083,0.5882,0-1
55085,0.6993,0-1
55087,0.0458,0-1
55089,0,0
55091,1.6393,1-2
55093,0.3565,0-1
55095,0.2632,0-1
55097,0.1067,0-1
55099,3.0612,3-4
55101,0.0461,0-1
55103,0.6711,0-1
55105,0.2141,0-1
55107,1.8349,1-2
55109,0.1475,0-1
55111,2.4194,2-3
55113,0.2551,0-1
55115,0.1641,0-1
55117,0.1032,0-1
55119,0.5747,0-1
55121,0.365,0-1
55123,0.3831,0-1
55125,2.1127,2-3
55127,0.0818,0-1
55129,1.6667,1-2
55131,0.0727,0-1
55133,0.0238,0-1
55135,0.2155,0-1
55137,0.565,0-1
55139,0.0474,0-1
55141,0.1357,0-1
56001,0.1451,0-1
56003,1.7699,1-2
56005,0.1592,0-1
56007,0.6536,0-1
56009,0,0
56011,1.5625,1-2
56013,1.3636,1-2
56015,0.8065,0-1
56017,2.5641,2-3
56019,1.3333,1-2
56021,0.2545,0-1
56023,0,0
56025,0.4921,0-1
56027,3.0303,3-4
56029,0.3425,0-1
56031,1.3889,1-2
56033,0.3021,0-1
56035,2.0619,2-3
56037,0.3559,0-1
56039,0,0
56041,0.4098,0-1
56043,1.3333,1-2
56045,1.5385,1-2