,"Total publicly funded clinics, 2015 [1]","no. of women with demand, 18 and under to 44",fips
1,2,"6,670",1001.0
2,6,"22,870",1003.0
3,3,"2,370",1005.0
4,5,"2,360",1007.0
5,2,"6,310",1009.0
6,1,990,1011.0
7,1,"2,190",1013.0
8,3,"13,860",1015.0
9,1,"3,870",1017.0
10,2,"2,360",1019.0
11,3,"5,060",1021.0
12,2,"1,280",1023.0
13,1,"2,640",1025.0
14,2,"1,360",1027.0
15,2,"1,440",1029.0
16,2,"5,890",1031.0
17,2,"6,020",1033.0
18,2,"1,220",1035.0
19,1,"1,010",1037.0
20,1,"3,690",1039.0
21,2,"1,420",1041.0
22,2,"9,060",1043.0
23,2,"5,800",1045.0
24,1,"4,990",1047.0
25,5,"7,400",1049.0
26,2,"10,320",1051.0
27,5,"3,720",1053.0
28,9,"11,730",1055.0
29,1,"1,550",1057.0
30,1,"3,280",1059.0
31,3,"2,800",1061.0
32,2,830,1063.0
33,2,"1,760",1065.0
34,3,"1,780",1067.0
35,2,"12,500",1069.0
36,7,"5,630",1071.0
37,10,"86,980",1073.0
38,2,"1,320",1075.0
39,3,"11,160",1077.0
40,2,"3,690",1079.0
41,1,"25,090",1081.0
42,2,"10,650",1083.0
43,2,"1,160",1085.0
44,2,"2,640",1087.0
45,3,"44,630",1089.0
46,1,"2,050",1091.0
47,1,"2,810",1093.0
48,1,"10,390",1095.0
49,18,"53,470",1097.0
50,2,"2,260",1099.0
51,7,"30,820",1101.0
52,3,"13,290",1103.0
53,3,"1,160",1105.0
54,1,"2,260",1107.0
55,2,"5,440",1109.0
56,2,"2,240",1111.0
57,2,"7,610",1113.0
58,1,"25,820",1115.0
59,1,"9,950",1117.0
60,2,"1,810",1119.0
61,3,"9,480",1121.0
62,2,"4,040",1123.0
63,4,"32,450",1125.0
64,6,"6,920",1127.0
65,2,"1,700",1129.0
66,2,"1,190",1131.0
67,1,"2,200",1133.0
69,4,250,2013.0
70,5,470,2016.0
71,8,"41,950",2020.0
72,15,"2,150",2050.0
73,1,110,2060.0
74,u,230,2068.0
75,6,590,2070.0
76,5,"14,160",2090.0
77,2,230,2100.0
78,4,160,2105.0
79,4,"4,260",2110.0
80,14,"5,840",2122.0
81,2,"1,580",2130.0
82,5,"1,590",2150.0
83,6,190,2164.0
84,5,"12,660",2170.0
85,13,"1,160",2180.0
86,8,870,2185.0
87,11,880,2188.0
88,3,320,2195.0
89,6,600,2201.0
90,3,"1,000",2220.0
91,2,140,2232.0
92,2,690,2240.0
93,4,"1,000",2261.0
94,8,920,2270.0
95,3,200,2280.0
96,3,50,2282.0
97,5,530,2290.0
99,16,7550,4001.0
100,10,12610,4003.0
101,17,21990,4005.0
102,5,4600,4007.0
103,4,4310,4009.0
104,3,1090,4011.0
105,2,1420,4012.0
106,69,541510,4013.0
107,8,17340,4015.0
108,14,11460,4017.0
109,48,124080,4019.0
110,18,43280,4021.0
111,5,5050,4023.0
112,5,18650,4025.0
113,8,22960,4027.0
115,2,"1,900",5001.0
116,4,"2,040",5003.0
117,1,"3,420",5005.0
118,4,"32,550",5007.0
119,1,"3,890",5009.0
120,1,"1,110",5011.0
121,2,500,5013.0
122,2,"2,450",5015.0
123,3,990,5017.0
124,1,"3,500",5019.0
125,3,"1,450",5021.0
126,1,"2,090",5023.0
127,2,880,5025.0
128,1,"3,220",5027.0
129,1,"2,030",5029.0
130,4,"14,480",5031.0
131,3,"7,060",5033.0
132,4,"6,350",5035.0
133,3,"1,820",5037.0
134,1,680,5039.0
135,2,"1,230",5041.0
136,2,"2,270",5043.0
137,3,"18,650",5045.0
138,1,"1,690",5047.0
139,1,960,5049.0
140,1,"10,310",5051.0
141,2,"2,020",5053.0
142,2,"5,300",5055.0
143,1,"2,250",5057.0
144,1,"3,460",5059.0
145,1,"1,390",5061.0
146,2,"4,180",5063.0
147,1,"1,030",5065.0
148,2,"1,880",5067.0
149,5,"8,280",5069.0
150,1,"2,790",5071.0
151,1,610,5073.0
152,1,"1,750",5075.0
153,2,750,5077.0
154,2,"1,090",5079.0
155,1,"1,310",5081.0
156,3,"2,100",5083.0
157,7,"9,020",5085.0
158,2,"1,650",5087.0
159,2,"1,240",5089.0
160,1,"5,080",5091.0
161,3,"5,270",5093.0
162,3,720,5095.0
163,1,690,5097.0
164,1,770,5099.0
165,3,680,5101.0
166,1,"2,520",5103.0
167,2,"1,040",5105.0
168,2,"2,230",5107.0
169,1,"1,050",5109.0
170,5,"2,760",5111.0
171,2,"1,790",5113.0
172,1,"8,170",5115.0
173,3,720,5117.0
174,7,"52,190",5119.0
175,2,"1,680",5121.0
176,1,"13,960",5123.0
177,1,960,5125.0
178,2,660,5127.0
179,3,"15,550",5129.0
180,u,"1,780",5131.0
181,2,"1,390",5133.0
182,2,"2,650",5135.0
183,1,"1,020",5137.0
184,1,"4,370",5139.0
185,3,"1,330",5141.0
186,5,"32,860",5143.0
187,5,"10,080",5145.0
188,4,630,5147.0
189,2,"2,240",5149.0
191,66,"234,040",6001.0
192,1,90,6003.0
193,4,"2,730",6005.0
194,24,"29,330",6007.0
195,6,"3,550",6009.0
196,6,"2,260",6011.0
197,31,"139,150",6013.0
198,8,"2,550",6015.0
199,9,"18,480",6017.0
200,65,"126,700",6019.0
201,7,"2,940",6021.0
202,27,"17,690",6023.0
203,16,"21,120",6025.0
204,6,"1,580",6027.0
205,65,"111,320",6029.0
206,21,"17,880",6031.0
207,10,"6,010",6033.0
208,5,"2,540",6035.0
209,345,"1,384,040",6037.0
210,14,"20,320",6039.0
211,14,"24,620",6041.0
212,3,"1,420",6043.0
213,24,"8,870",6045.0
214,25,"34,040",6047.0
215,3,750,6049.0
216,1,"1,450",6051.0
217,25,"53,920",6053.0
218,10,"16,520",6055.0
219,8,"9,000",6057.0
220,64,"411,600",6059.0
221,10,"42,430",6061.0
222,7,"1,490",6063.0
223,54,"302,800",6065.0
224,30,"200,010",6067.0
225,6,"7,160",6069.0
226,56,"284,410",6071.0
227,125,"446,480",6073.0
228,54,"137,440",6075.0
229,32,"92,270",6077.0
230,22,"33,940",6079.0
231,16,"97,260",6081.0
232,43,"60,270",6083.0
233,57,"257,310",6085.0
234,14,"36,070",6087.0
235,17,"19,570",6089.0
236,2,200,6091.0
237,16,"3,670",6093.0
238,18,"54,660",6095.0
239,31,"58,400",6097.0
240,42,"68,530",6099.0
241,7,"11,630",6101.0
242,8,"6,660",6103.0
243,5,990,6105.0
244,51,"57,740",6107.0
245,5,"4,760",6109.0
246,41,"104,390",6111.0
247,10,"34,200",6113.0
248,5,"9,640",6115.0
250,16,"67,210",8001.0
251,4,"2,200",8003.0
252,8,"85,030",8005.0
253,1,"1,020",8007.0
254,u,290,8009.0
255,1,330,8011.0
256,8,"44,760",8013.0
257,1,"8,720",8014.0
258,1,"1,460",8015.0
259,1,160,8017.0
260,u,860,8019.0
261,3,770,8021.0
262,1,280,8023.0
263,u,260,8025.0
264,u,270,8027.0
265,1,"2,490",8029.0
266,41,"109,730",8031.0
267,1,170,8033.0
268,5,"39,400",8035.0
269,2,"6,750",8037.0
270,20,"91,000",8039.0
271,1,"2,530",8041.0
272,2,"3,550",8043.0
273,6,"7,150",8045.0
274,u,570,8047.0
275,2,"1,510",8049.0
276,1,"2,140",8051.0
277,u,60,8053.0
278,1,460,8055.0
279,u,130,8057.0
280,10,"69,370",8059.0
281,u,130,8061.0
282,2,700,8063.0
283,4,"6,780",8065.0
284,2,850,8067.0
285,9,"48,110",8069.0
286,u,"1,200",8071.0
287,2,460,8073.0
288,2,"2,260",8075.0
289,2,"17,890",8077.0
290,u,50,8079.0
291,1,"1,490",8081.0
292,3,"2,530",8083.0
293,4,"4,030",8085.0
294,2,"3,320",8087.0
295,3,"1,790",8089.0
296,u,340,8091.0
297,u,"1,380",8093.0
298,1,410,8095.0
299,1,"2,030",8097.0
300,6,"1,200",8099.0
301,9,"18,970",8101.0
302,2,740,8103.0
303,1,"1,150",8105.0
304,2,"2,990",8107.0
305,2,500,8109.0
306,u,50,8111.0
307,2,860,8113.0
308,1,220,8115.0
309,4,"4,090",8117.0
310,3,"2,160",8119.0
311,1,450,8121.0
312,11,"38,160",8123.0
313,1,990,8125.0
315,23,"112,480",9001.0
316,20,"109,340",9003.0
317,3,"18,420",9005.0
318,5,"17,870",9007.0
319,18,"108,210",9009.0
320,13,"31,140",9011.0
321,1,"20,820",9013.0
322,9,"13,950",9015.0
324,11,"22,260",10001.0
325,20,"72,610",10003.0
326,10,"20,500",10005.0
328,8,"44,560",12001.0
329,2,"3,180",12003.0
330,1,"21,480",12005.0
331,2,"2,350",12007.0
332,10,"57,670",12009.0
333,9,"235,360",12011.0
334,1,"1,260",12013.0
335,3,"12,220",12015.0
336,5,"10,560",12017.0
337,5,"24,490",12019.0
338,10,"31,840",12021.0
339,3,"7,090",12023.0
340,4,"3,100",12027.0
341,2,"1,230",12029.0
342,15,"126,040",12031.0
343,7,"40,110",12033.0
344,3,"9,610",12035.0
345,3,850,12037.0
346,7,"5,470",12039.0
347,4,"1,700",12041.0
348,2,"1,010",12043.0
349,3,"1,170",12045.0
350,1,"1,110",12047.0
351,3,"2,880",12049.0
352,3,"4,460",12051.0
353,2,"17,130",12053.0
354,3,"8,160",12055.0
355,20,"184,180",12057.0
356,2,"1,690",12059.0
357,6,"12,840",12061.0
358,1,"4,170",12063.0
359,1,"1,190",12065.0
360,2,670,12067.0
361,6,"33,470",12069.0
362,11,"70,550",12071.0
363,11,"50,050",12073.0
364,3,"3,570",12075.0
365,3,660,12077.0
366,2,"1,670",12079.0
367,11,"36,520",12081.0
368,11,"33,590",12083.0
369,6,"12,990",12085.0
370,46,"339,870",12086.0
371,7,"7,990",12087.0
372,3,"8,340",12089.0
373,4,"24,050",12091.0
374,3,"4,050",12093.0
375,23,"191,370",12095.0
376,10,"43,240",12097.0
377,19,"155,610",12099.0
378,8,"53,220",12101.0
379,18,"101,460",12103.0
380,14,"76,450",12105.0
381,5,"7,120",12107.0
382,4,"18,600",12109.0
383,7,"32,940",12111.0
384,4,"58,400",12113.0
385,4,"24,620",12115.0
386,9,"31,780",12117.0
387,3,"4,810",12119.0
388,3,"3,750",12121.0
389,4,"1,810",12123.0
390,1,"1,090",12125.0
391,7,"54,500",12127.0
392,2,"3,210",12129.0
393,4,"6,500",12131.0
394,1,"2,180",12133.0
396,2,"1,800",13001.0
397,2,890,13003.0
398,2,"1,220",13005.0
399,2,320,13007.0
400,2,"6,250",13009.0
401,2,"1,850",13011.0
402,2,"9,890",13013.0
403,2,"12,660",13015.0
404,3,"1,970",13017.0
405,2,"1,890",13019.0
406,5,"20,150",13021.0
407,2,"1,590",13023.0
408,2,"2,030",13025.0
409,1,"1,590",13027.0
410,2,"4,690",13029.0
411,2,"12,500",13031.0
412,2,"2,630",13033.0
413,2,"2,430",13035.0
414,2,490,13037.0
415,3,"6,690",13039.0
416,2,"1,120",13043.0
417,2,"15,820",13045.0
418,2,"7,580",13047.0
419,2,"1,000",13049.0
420,17,"41,180",13051.0
421,3,"1,190",13053.0
422,2,"2,620",13055.0
423,3,"28,640",13057.0
424,6,"24,140",13059.0
425,2,280,13061.0
426,6,"40,990",13063.0
427,1,780,13065.0
428,6,"101,360",13067.0
429,3,"5,100",13069.0
430,2,"5,330",13071.0
431,1,"18,710",13073.0
432,1,"1,880",13075.0
433,2,"16,880",13077.0
434,1,"1,230",13079.0
435,3,"2,670",13081.0
436,2,"1,940",13083.0
437,1,"2,460",13085.0
438,10,"108,890",13087.0
439,1,"3,120",13089.0
440,3,"1,980",13091.0
441,2,"1,180",13093.0
442,8,"12,430",13095.0
443,1,"19,030",13097.0
444,2,"1,080",13099.0
445,1,470,13101.0
446,1,"7,170",13103.0
447,2,"1,870",13105.0
448,4,"2,380",13107.0
449,1,"1,110",13109.0
450,2,"2,010",13111.0
451,1,"11,660",13113.0
452,2,"11,860",13115.0
453,2,"25,340",13117.0
454,2,"2,280",13119.0
455,28,"153,850",13121.0
456,3,"2,600",13123.0
457,2,300,13125.0
458,2,"9,820",13127.0
459,1,"6,790",13129.0
460,1,"2,600",13131.0
461,2,"1,410",13133.0
462,8,"119,870",13135.0
463,2,"5,410",13137.0
464,2,"23,280",13139.0
465,2,720,13141.0
466,1,"3,370",13143.0
467,1,"3,430",13145.0
468,2,"2,360",13147.0
469,1,"1,290",13149.0
470,1,"29,380",13151.0
471,2,"19,920",13153.0
472,3,880,13155.0
473,4,"7,660",13157.0
474,1,"1,480",13159.0
475,1,"1,590",13161.0
476,4,"1,620",13163.0
477,1,860,13165.0
478,2,860,13167.0
479,3,"3,270",13169.0
480,2,"2,450",13171.0
481,1,"1,280",13173.0
482,2,"5,600",13175.0
483,2,"3,570",13177.0
484,3,"9,240",13179.0
485,1,790,13181.0
486,2,"2,540",13183.0
487,3,"17,480",13185.0
488,2,"3,940",13187.0
489,3,"1,220",13189.0
490,3,"3,260",13191.0
491,1,880,13193.0
492,1,"2,510",13195.0
493,1,"1,360",13197.0
494,3,"2,320",13199.0
495,1,590,13201.0
496,1,"2,130",13205.0
497,2,"2,880",13207.0
498,2,970,13209.0
499,1,"1,940",13211.0
500,2,"4,710",13213.0
501,4,"26,630",13215.0
502,1,"13,850",13217.0
503,1,"3,980",13219.0
504,2,"1,640",13221.0
505,1,"20,160",13223.0
506,2,"3,530",13225.0
507,1,"3,150",13227.0
508,1,"2,160",13229.0
509,2,"2,080",13231.0
510,3,"4,860",13233.0
511,2,"1,530",13235.0
512,1,"2,020",13237.0
513,1,180,13239.0
514,2,"1,460",13241.0
515,1,760,13243.0
516,8,"28,040",13245.0
517,2,"11,100",13247.0
518,3,590,13249.0
519,1,"1,430",13251.0
520,1,810,13253.0
521,1,"7,700",13255.0
522,1,"2,990",13257.0
523,2,410,13259.0
524,6,"4,010",13261.0
525,2,560,13263.0
526,1,130,13265.0
527,3,"2,190",13267.0
528,2,830,13269.0
529,2,"1,250",13271.0
530,2,970,13273.0
531,1,"5,240",13275.0
532,2,"5,110",13277.0
533,2,"3,220",13279.0
534,1,"1,010",13281.0
535,2,660,13283.0
536,2,"8,980",13285.0
537,1,770,13287.0
538,2,780,13289.0
539,1,"1,650",13291.0
540,2,"2,970",13293.0
541,3,"7,570",13295.0
542,3,"10,720",13297.0
543,3,"3,970",13299.0
544,2,490,13301.0
545,3,"1,970",13303.0
546,1,"3,230",13305.0
547,1,230,13307.0
548,1,520,13309.0
549,2,"2,750",13311.0
550,2,"12,360",13313.0
551,2,680,13315.0
552,1,900,13317.0
553,2,880,13319.0
554,1,"2,320",13321.0
556,15,"21,720",15001.0
557,19,"126,600",15003.0
558,u,0,15005.0
559,3,"7,900",15007.0
560,7,"19,020",15009.0
562,10,"56,160",16001.0
563,1,270,16003.0
564,7,"10,900",16005.0
565,2,560,16007.0
566,3,750,16009.0
567,4,"5,180",16011.0
568,u,"2,170",16013.0
569,u,570,16015.0
570,5,"3,900",16017.0
571,2,"13,860",16019.0
572,3,"1,040",16021.0
573,1,230,16023.0
574,1,100,16025.0
575,9,"26,420",16027.0
576,1,630,16029.0
577,1,"2,630",16031.0
578,1,100,16033.0
579,3,570,16035.0
580,1,320,16037.0
581,3,"3,310",16039.0
582,1,"1,480",16041.0
583,2,"1,350",16043.0
584,2,"1,690",16045.0
585,u,"1,480",16047.0
586,2,"1,180",16049.0
587,3,"3,210",16051.0
588,1,"2,640",16053.0
589,4,"17,520",16055.0
590,2,"6,240",16057.0
591,1,580,16059.0
592,2,300,16061.0
593,u,600,16063.0
594,2,"7,470",16065.0
595,1,"2,290",16067.0
596,3,"4,620",16069.0
597,1,380,16071.0
598,3,"1,170",16073.0
599,3,"2,480",16075.0
600,2,760,16077.0
601,3,"1,070",16079.0
602,1,"1,300",16081.0
603,5,"10,190",16083.0
604,1,830,16085.0
605,1,850,16087.0
607,2,"7,350",17001.0
608,3,630,17003.0
609,1,"1,740",17005.0
610,1,"5,890",17007.0
611,u,470,17009.0
612,u,"3,380",17011.0
613,u,440,17013.0
614,u,"1,240",17015.0
615,2,"1,290",17017.0
616,6,"33,850",17019.0
617,u,"3,350",17021.0
618,u,"1,530",17023.0
619,1,"1,270",17025.0
620,u,"3,970",17027.0
621,3,"7,810",17029.0
622,175,"715,660",17031.0
623,u,"1,740",17033.0
624,u,"1,100",17035.0
625,3,"16,380",17037.0
626,u,"1,670",17039.0
627,u,"2,000",17041.0
628,7,"111,080",17043.0
629,u,"1,670",17045.0
630,1,600,17047.0
631,2,"3,730",17049.0
632,1,"2,030",17051.0
633,u,"1,370",17053.0
634,2,"3,800",17055.0
635,2,"3,380",17057.0
636,1,480,17059.0
637,u,"1,220",17061.0
638,u,"5,980",17063.0
639,u,760,17065.0
640,1,"1,700",17067.0
641,2,310,17069.0
642,2,620,17071.0
643,2,"4,950",17073.0
644,u,"2,580",17075.0
645,6,"9,240",17077.0
646,u,880,17079.0
647,1,"3,920",17081.0
648,1,"2,410",17083.0
649,u,"1,710",17085.0
650,3,980,17087.0
651,10,"63,010",17089.0
652,2,"13,350",17091.0
653,2,"16,090",17093.0
654,2,"5,270",17095.0
655,2,"11,530",17097.0
656,6,"81,040",17099.0
657,1,"1,330",17101.0
658,1,"3,270",17103.0
659,1,"3,980",17105.0
660,u,"3,370",17107.0
661,4,"12,410",17109.0
662,1,"4,830",17111.0
663,6,"31,900",17113.0
664,1,"4,090",17115.0
665,u,"1,120",17117.0
666,1,"1,260",17119.0
667,1,"1,490",17121.0
668,u,"4,760",17123.0
669,3,"34,340",17125.0
670,4,"25,940",17127.0
671,u,"1,280",17129.0
672,u,"1,470",17131.0
673,u,"3,490",17133.0
674,u,"2,530",17135.0
675,2,"3,800",17137.0
676,u,"1,420",17139.0
677,u,"5,350",17141.0
678,5,"23,090",17143.0
679,1,"1,820",17145.0
680,u,"1,670",17147.0
681,1,"1,470",17149.0
682,1,350,17151.0
683,2,550,17153.0
684,u,500,17155.0
685,u,"2,710",17157.0
686,1,"1,480",17159.0
687,6,"16,230",17161.0
688,3,"2,350",17163.0
689,4,"23,490",17165.0
690,u,590,17167.0
691,u,530,17169.0
692,u,"1,950",17171.0
693,12,"32,140",17173.0
694,u,530,17175.0
695,1,"4,550",17177.0
696,1,"14,720",17179.0
697,2,"1,610",17181.0
698,1,"8,320",17183.0
699,1,"1,090",17185.0
700,u,"1,830",17187.0
701,u,"1,380",17189.0
702,1,"1,540",17191.0
703,3,"1,280",17193.0
704,1,"5,760",17195.0
705,3,"83,570",17197.0
706,4,"7,420",17199.0
707,5,"33,220",17201.0
708,u,"4,190",17203.0
710,u,"3,720",18001.0
711,4,"46,080",18003.0
712,3,"9,600",18005.0
713,u,880,18007.0
714,u,"1,120",18009.0
715,1,"7,410",18011.0
716,u,"1,360",18013.0
717,1,"2,070",18015.0
718,1,"4,010",18017.0
719,3,"14,130",18019.0
720,u,"2,800",18021.0
721,u,"3,460",18023.0
722,u,990,18025.0
723,1,"3,620",18027.0
724,u,"4,760",18029.0
725,u,"5,250",18031.0
726,1,"3,000",18033.0
727,6,"16,750",18035.0
728,1,"4,510",18037.0
729,5,"23,920",18039.0
730,u,"2,450",18041.0
731,2,"9,130",18043.0
732,u,"1,530",18045.0
733,u,"2,180",18047.0
734,u,"1,930",18049.0
735,u,"3,420",18051.0
736,1,"8,360",18053.0
737,u,"3,040",18055.0
738,3,"38,250",18057.0
739,1,"8,430",18059.0
740,2,"4,260",18061.0
741,1,"19,020",18063.0
742,1,"4,820",18065.0
743,1,"9,240",18067.0
744,u,"4,200",18069.0
745,2,"4,970",18071.0
746,u,"3,800",18073.0
747,u,"2,100",18075.0
748,u,"3,970",18077.0
749,u,"3,040",18079.0
750,2,"19,060",18081.0
751,1,"4,250",18083.0
752,1,"9,160",18085.0
753,2,"11,370",18087.0
754,u,"4,120",18089.0
755,16,"58,300",18091.0
756,u,"4,700",18093.0
757,5,"14,600",18095.0
758,30,"133,710",18097.0
759,u,"4,970",18099.0
760,u,960,18101.0
761,1,"3,580",18103.0
762,2,"25,220",18105.0
763,u,"3,990",18107.0
764,u,"7,640",18109.0
765,u,"1,400",18111.0
766,u,"5,280",18113.0
767,u,560,18115.0
768,u,"1,880",18117.0
769,1,"2,100",18119.0
770,1,"1,890",18121.0
771,u,"1,690",18123.0
772,1,"1,230",18125.0
773,5,"19,620",18127.0
774,u,"2,710",18129.0
775,u,"1,170",18131.0
776,1,"4,320",18133.0
777,u,"2,410",18135.0
778,u,"2,880",18137.0
779,1,"1,640",18139.0
780,1,"2,640",18141.0
781,u,"4,870",18143.0
782,u,"1,900",18145.0
783,6,"34,320",18147.0
784,u,"2,290",18149.0
785,u,"3,530",18151.0
786,u,"2,000",18153.0
787,u,990,18155.0
788,3,"29,380",18157.0
789,u,"1,400",18159.0
790,u,750,18161.0
791,7,"23,110",18163.0
792,2,"1,560",18165.0
793,4,"13,730",18167.0
794,u,"3,470",18169.0
795,u,710,18171.0
796,1,"6,750",18173.0
797,u,"3,030",18175.0
798,2,"7,410",18177.0
799,u,"2,900",18179.0
800,1,"2,180",18181.0
801,u,"3,480",18183.0
803,u,600,19001.0
804,u,310,19003.0
805,u,"1,120",19005.0
806,1,"1,110",19007.0
807,u,470,19009.0
808,2,"2,580",19011.0
809,4,"18,540",19013.0
810,1,"2,800",19015.0
811,u,"2,860",19017.0
812,1,"1,990",19019.0
813,1,"2,350",19021.0
814,1,"1,290",19023.0
815,u,790,19025.0
816,1,"1,880",19027.0
817,1,"1,150",19029.0
818,u,"1,710",19031.0
819,1,"4,350",19033.0
820,u,940,19035.0
821,u,"1,050",19037.0
822,u,880,19039.0
823,u,"1,650",19041.0
824,u,"1,450",19043.0
825,2,"5,020",19045.0
826,1,"1,600",19047.0
827,2,"10,690",19049.0
828,u,900,19051.0
829,2,930,19053.0
830,u,"1,550",19055.0
831,2,"4,130",19057.0
832,u,"1,520",19059.0
833,3,"11,210",19061.0
834,u,880,19063.0
835,u,"1,870",19065.0
836,u,"1,440",19067.0
837,1,910,19069.0
838,u,580,19071.0
839,u,780,19073.0
840,u,"1,230",19075.0
841,u,960,19077.0
842,u,"1,360",19079.0
843,u,930,19081.0
844,u,"1,590",19083.0
845,1,"1,370",19085.0
846,u,"1,840",19087.0
847,u,810,19089.0
848,1,840,19091.0
849,u,600,19093.0
850,u,"1,510",19095.0
851,1,"1,690",19097.0
852,u,"3,580",19099.0
853,1,"1,670",19101.0
854,2,"24,440",19103.0
855,2,"1,930",19105.0
856,1,900,19107.0
857,u,"1,290",19109.0
858,2,"3,430",19111.0
859,6,"27,360",19113.0
860,1,"1,050",19115.0
861,u,740,19117.0
862,u,"1,080",19119.0
863,u,"1,580",19121.0
864,1,"2,410",19123.0
865,u,"3,480",19125.0
866,2,"4,180",19127.0
867,u,"1,470",19129.0
868,u,920,19131.0
869,2,730,19133.0
870,1,710,19135.0
871,u,910,19137.0
872,1,"4,790",19139.0
873,u,"1,230",19141.0
874,u,470,19143.0
875,u,"1,320",19145.0
876,u,810,19147.0
877,u,"2,630",19149.0
878,u,550,19151.0
879,11,"62,490",19153.0
880,3,"10,500",19155.0
881,1,"2,050",19157.0
882,u,430,19159.0
883,u,810,19161.0
884,4,"20,860",19163.0
885,1,"1,010",19165.0
886,2,"3,810",19167.0
887,2,"16,310",19169.0
888,2,"1,560",19171.0
889,u,570,19173.0
890,u,"1,240",19175.0
891,u,630,19177.0
892,2,"3,980",19179.0
893,u,"5,800",19181.0
894,u,"2,280",19183.0
895,u,580,19185.0
896,3,"3,860",19187.0
897,1,950,19189.0
898,1,"2,340",19191.0
899,2,"12,540",19193.0
900,u,750,19195.0
901,1,"1,080",19197.0
903,2,"1,220",20001.0
904,1,690,20003.0
905,1,"2,060",20005.0
906,1,390,20007.0
907,2,"2,850",20009.0
908,1,"1,420",20011.0
909,2,850,20013.0
910,1,"7,460",20015.0
911,u,220,20017.0
912,1,270,20019.0
913,2,"1,860",20021.0
914,u,210,20023.0
915,u,180,20025.0
916,1,700,20027.0
917,1,890,20029.0
918,1,780,20031.0
919,1,160,20033.0
920,2,"4,000",20035.0
921,2,"5,340",20037.0
922,1,200,20039.0
923,u,"1,790",20041.0
924,1,850,20043.0
925,3,"20,600",20045.0
926,1,260,20047.0
927,u,180,20049.0
928,2,"4,100",20051.0
929,1,480,20053.0
930,2,"4,420",20055.0
931,1,"3,950",20057.0
932,2,"2,830",20059.0
933,3,"5,290",20061.0
934,u,220,20063.0
935,u,200,20065.0
936,4,800,20067.0
937,1,610,20069.0
938,u,120,20071.0
939,1,470,20073.0
940,u,270,20075.0
941,1,490,20077.0
942,3,"3,840",20079.0
943,1,430,20081.0
944,u,160,20083.0
945,2,"1,340",20085.0
946,u,"1,800",20087.0
947,u,200,20089.0
948,5,"72,240",20091.0
949,1,440,20093.0
950,1,710,20095.0
951,1,260,20097.0
952,1,"2,040",20099.0
953,u,140,20101.0
954,1,"8,430",20103.0
955,1,240,20105.0
956,u,910,20107.0
957,1,260,20109.0
958,1,"5,000",20111.0
959,u,"1,090",20113.0
960,u,850,20115.0
961,1,"3,010",20117.0
962,1,410,20119.0
963,2,"3,330",20121.0
964,1,520,20123.0
965,2,"3,320",20125.0
966,1,450,20127.0
967,1,270,20129.0
968,u,900,20131.0
969,1,"1,510",20133.0
970,u,220,20135.0
971,u,400,20137.0
972,u,"1,530",20139.0
973,1,310,20141.0
974,1,570,20143.0
975,1,550,20145.0
976,1,480,20147.0
977,2,"2,710",20149.0
978,1,920,20151.0
979,u,180,20153.0
980,2,"6,400",20155.0
981,1,350,20157.0
982,1,950,20159.0
983,1,"13,700",20161.0
984,1,460,20163.0
985,u,260,20165.0
986,1,630,20167.0
987,2,"6,110",20169.0
988,u,440,20171.0
989,18,"64,190",20173.0
990,2,"2,750",20175.0
991,6,"20,520",20177.0
992,1,200,20179.0
993,1,540,20181.0
994,1,260,20183.0
995,1,350,20185.0
996,1,180,20187.0
997,u,560,20189.0
998,1,"2,380",20191.0
999,1,960,20193.0
1000,1,250,20195.0
1001,1,630,20197.0
1002,u,130,20199.0
1003,1,450,20201.0
1004,u,170,20203.0
1005,u,770,20205.0
1006,u,280,20207.0
1007,1,"20,790",20209.0
1009,2,"2,170",21001.0
1010,1,"2,310",21003.0
1011,2,"2,570",21005.0
1012,1,810,21007.0
1013,1,"4,870",21009.0
1014,1,"1,330",21011.0
1015,2,"2,900",21013.0
1016,3,"15,250",21015.0
1017,1,"2,150",21017.0
1018,2,"5,040",21019.0
1019,1,"3,360",21021.0
1020,1,900,21023.0
1021,1,"1,330",21025.0
1022,1,"1,810",21027.0
1023,1,"9,430",21029.0
1024,1,"1,350",21031.0
1025,2,"1,240",21033.0
1026,1,"5,810",21035.0
1027,3,"11,660",21037.0
1028,1,460,21039.0
1029,1,"1,080",21041.0
1030,1,"2,810",21043.0
1031,1,"1,610",21045.0
1032,3,"8,810",21047.0
1033,1,"4,010",21049.0
1034,2,"2,050",21051.0
1035,2,990,21053.0
1036,1,840,21055.0
1037,2,620,21057.0
1038,3,"11,320",21059.0
1039,1,"1,290",21061.0
1040,1,610,21063.0
1041,2,"1,380",21065.0
1042,7,"47,050",21067.0
1043,1,"1,470",21069.0
1044,6,"3,670",21071.0
1045,1,"6,070",21073.0
1046,2,650,21075.0
1047,2,970,21077.0
1048,1,"1,690",21079.0
1049,1,"2,820",21081.0
1050,1,"4,040",21083.0
1051,1,"2,630",21085.0
1052,1,"1,010",21087.0
1053,1,"3,700",21089.0
1054,1,910,21091.0
1055,2,"12,720",21093.0
1056,5,"2,670",21095.0
1057,1,"1,850",21097.0
1058,1,"1,810",21099.0
1059,3,"5,260",21101.0
1060,1,"1,700",21103.0
1061,1,430,21105.0
1062,2,"5,020",21107.0
1063,2,"1,340",21109.0
1064,11,"97,410",21111.0
1065,1,"6,520",21113.0
1066,1,"2,260",21115.0
1067,2,"20,610",21117.0
1068,2,"1,580",21119.0
1069,3,"3,570",21121.0
1070,1,"1,540",21123.0
1071,1,"6,940",21125.0
1072,1,"1,560",21127.0
1073,2,590,21129.0
1074,2,"1,050",21131.0
1075,3,"2,160",21133.0
1076,2,"1,340",21135.0
1077,1,"2,670",21137.0
1078,1,910,21139.0
1079,2,"2,660",21141.0
1080,1,540,21143.0
1081,4,"13,220",21145.0
1082,2,"1,240",21147.0
1083,1,"1,920",21149.0
1084,1,"2,960",21151.0
1085,2,"1,010",21153.0
1086,2,"1,890",21155.0
1087,1,"7,250",21157.0
1088,3,"1,630",21159.0
1089,2,970,21161.0
1090,1,"3,340",21163.0
1091,1,660,21165.0
1092,1,"2,090",21167.0
1093,1,"1,040",21169.0
1094,3,"1,000",21171.0
1095,3,"3,260",21173.0
1096,1,"1,140",21175.0
1097,3,"3,010",21177.0
1098,1,"5,280",21179.0
1099,1,710,21181.0
1100,1,"2,440",21183.0
1101,1,"6,580",21185.0
1102,3,"1,040",21187.0
1103,2,440,21189.0
1104,1,"1,570",21191.0
1105,4,"2,740",21193.0
1106,2,"5,930",21195.0
1107,1,"1,300",21197.0
1108,1,"6,820",21199.0
1109,1,180,21201.0
1110,1,"1,800",21203.0
1111,1,"3,700",21205.0
1112,3,"1,700",21207.0
1113,1,"7,030",21209.0
1114,1,"5,710",21211.0
1115,1,"1,900",21213.0
1116,2,"2,000",21215.0
1117,1,"2,980",21217.0
1118,1,"1,280",21219.0
1119,1,"1,340",21221.0
1120,1,940,21223.0
1121,1,"1,540",21225.0
1122,4,"18,210",21227.0
1123,1,"1,260",21229.0
1124,1,"1,990",21231.0
1125,3,"1,310",21233.0
1126,3,"4,250",21235.0
1127,1,690,21237.0
1128,1,"2,840",21239.0
1130,2,"7,550",22001.0
1131,2,"2,270",22003.0
1132,2,"15,540",22005.0
1133,1,"2,520",22007.0
1134,3,"4,280",22009.0
1135,2,"4,080",22011.0
1136,3,"1,390",22013.0
1137,2,"16,070",22015.0
1138,6,"31,980",22017.0
1139,2,"25,560",22019.0
1140,1,970,22021.0
1141,u,780,22023.0
1142,3,910,22025.0
1143,2,"1,270",22027.0
1144,2,"2,050",22029.0
1145,2,"3,110",22031.0
1146,8,"66,530",22033.0
1147,1,650,22035.0
1148,5,"1,900",22037.0
1149,2,"3,420",22039.0
1150,3,"2,070",22041.0
1151,2,"2,230",22043.0
1152,2,"8,810",22045.0
1153,4,"4,050",22047.0
1154,1,"1,470",22049.0
1155,13,"53,990",22051.0
1156,2,"3,390",22053.0
1157,1,"1,500",22055.0
1158,6,"33,690",22057.0
1159,2,"12,240",22059.0
1160,1,"7,950",22061.0
1161,3,"17,980",22063.0
1162,2,"1,330",22065.0
1163,5,"2,890",22067.0
1164,2,"5,430",22069.0
1165,26,"59,390",22071.0
1166,6,"21,000",22073.0
1167,1,"2,830",22075.0
1168,5,"2,410",22077.0
1169,4,"16,120",22079.0
1170,1,840,22081.0
1171,6,"2,230",22083.0
1172,1,"2,320",22085.0
1173,1,"6,250",22087.0
1174,2,"6,560",22089.0
1175,1,"1,190",22091.0
1176,1,"2,540",22093.0
1177,2,"5,450",22095.0
1178,2,"9,710",22097.0
1179,2,"6,450",22099.0
1180,3,"6,040",22101.0
1181,1,"28,880",22103.0
1182,7,"17,270",22105.0
1183,1,390,22107.0
1184,4,"13,950",22109.0
1185,2,"2,330",22111.0
1186,2,"7,130",22113.0
1187,2,"6,680",22115.0
1188,3,"5,110",22117.0
1189,3,"4,380",22119.0
1190,2,"3,250",22121.0
1191,1,"1,050",22123.0
1192,u,"1,090",22125.0
1193,3,"1,330",22127.0
1195,5,"12,510",23001.0
1196,16,"6,070",23003.0
1197,12,"35,330",23005.0
1198,4,"3,120",23007.0
1199,6,"4,950",23009.0
1200,7,"13,570",23011.0
1201,3,"3,430",23013.0
1202,3,"2,870",23015.0
1203,4,"5,170",23017.0
1204,17,"18,120",23019.0
1205,2,"1,390",23021.0
1206,2,"3,650",23023.0
1207,5,"4,710",23025.0
1208,2,"3,750",23027.0
1209,13,"2,720",23029.0
1210,5,"22,380",23031.0
1212,2,"7,910",24001.0
1213,4,"70,720",24003.0
1214,17,"106,760",24005.0
1215,1,"10,240",24009.0
1216,3,"3,460",24011.0
1217,1,"18,290",24013.0
1218,2,"11,880",24015.0
1219,3,"20,530",24017.0
1220,4,"3,550",24019.0
1221,1,"29,640",24021.0
1222,4,"2,810",24023.0
1223,2,"29,140",24025.0
1224,2,"39,460",24027.0
1225,1,"2,030",24029.0
1226,14,"129,540",24031.0
1227,12,"124,800",24033.0
1228,1,"4,930",24035.0
1229,2,"3,220",24037.0
1230,2,"14,200",24039.0
1231,5,"3,460",24041.0
1232,4,"16,320",24043.0
1233,8,"14,430",24045.0
1234,3,"4,770",24047.0
1235,42,"95,270",24510.0
1237,10,"18,450",25001.0
1238,6,"13,680",25003.0
1239,7,"68,730",25005.0
1240,2,"1,720",25007.0
1241,36,"93,640",25009.0
1242,3,"7,450",25011.0
1243,14,"59,030",25013.0
1244,5,"26,350",25015.0
1245,21,"216,880",25017.0
1246,1,"1,210",25019.0
1247,7,"87,850",25021.0
1248,8,"57,750",25023.0
1249,85,"138,740",25025.0
1250,24,"101,020",25027.0
1252,2,620,26001.0
1253,2,590,26003.0
1254,2,"12,350",26005.0
1255,3,"2,730",26007.0
1256,3,"1,790",26009.0
1257,2,"1,220",26011.0
1258,2,610,26013.0
1259,1,"6,080",26015.0
1260,3,"11,370",26017.0
1261,2,"1,590",26019.0
1262,8,"16,620",26021.0
1263,u,"4,350",26023.0
1264,3,"15,460",26025.0
1265,2,"5,040",26027.0
1266,2,"2,180",26029.0
1267,3,"2,010",26031.0
1268,5,"3,920",26033.0
1269,1,"2,580",26035.0
1270,1,"8,680",26037.0
1271,1,"1,080",26039.0
1272,2,"3,360",26041.0
1273,1,"2,390",26043.0
1274,1,"12,420",26045.0
1275,3,"3,080",26047.0
1276,9,"47,680",26049.0
1277,2,"1,940",26051.0
1278,2,"1,110",26053.0
1279,5,"10,020",26055.0
1280,1,"4,220",26057.0
1281,1,"4,870",26059.0
1282,5,"4,170",26061.0
1283,2,"2,510",26063.0
1284,6,"45,040",26065.0
1285,1,"6,530",26067.0
1286,2,"1,850",26069.0
1287,2,760,26071.0
1288,3,"12,690",26073.0
1289,6,"17,040",26075.0
1290,5,"37,360",26077.0
1291,1,"1,670",26079.0
1292,14,"84,620",26081.0
1293,u,150,26083.0
1294,1,820,26085.0
1295,1,"8,840",26087.0
1296,2,"1,740",26089.0
1297,2,"10,240",26091.0
1298,1,"19,680",26093.0
1299,1,420,26095.0
1300,2,820,26097.0
1301,12,"102,560",26099.0
1302,3,"1,850",26101.0
1303,4,"8,340",26103.0
1304,1,"2,680",26105.0
1305,2,"5,580",26107.0
1306,3,"2,050",26109.0
1307,1,"9,330",26111.0
1308,2,"1,450",26113.0
1309,4,"16,260",26115.0
1310,2,"6,470",26117.0
1311,3,610,26119.0
1312,4,"19,510",26121.0
1313,4,"4,380",26123.0
1314,10,"146,700",26125.0
1315,2,"2,310",26127.0
1316,2,"1,680",26129.0
1317,3,330,26131.0
1318,1,"2,080",26133.0
1319,1,640,26135.0
1320,1,"2,320",26137.0
1321,4,"36,390",26139.0
1322,3,870,26141.0
1323,4,"1,570",26143.0
1324,11,"22,150",26145.0
1325,1,"3,590",26147.0
1326,2,610,26149.0
1327,1,"7,360",26151.0
1328,2,"16,730",26153.0
1329,u,"6,450",26155.0
1330,1,"4,850",26157.0
1331,1,"7,770",26159.0
1332,6,"55,300",26161.0
1333,36,"221,710",26163.0
1334,2,"3,390",26165.0
1336,u,"1,050",27001.0
1337,1,"40,370",27003.0
1338,3,"3,070",27005.0
1339,2,"5,760",27007.0
1340,u,"4,900",27009.0
1341,u,390,27011.0
1342,3,"10,360",27013.0
1343,1,"2,620",27015.0
1344,3,"3,450",27017.0
1345,u,"11,510",27019.0
1346,4,"2,400",27021.0
1347,u,"1,090",27023.0
1348,2,"5,640",27025.0
1349,2,"9,060",27027.0
1350,u,770,27029.0
1351,3,420,27031.0
1352,u,970,27033.0
1353,u,"6,300",27035.0
1354,1,"49,970",27037.0
1355,1,"2,310",27039.0
1356,1,"3,730",27041.0
1357,u,"1,180",27043.0
1358,u,"1,990",27045.0
1359,u,"2,920",27047.0
1360,1,"4,620",27049.0
1361,u,490,27051.0
1362,29,"166,690",27053.0
1363,u,"1,790",27055.0
1364,u,"1,580",27057.0
1365,1,"4,230",27059.0
1366,4,"3,730",27061.0
1367,u,870,27063.0
1368,1,"1,410",27065.0
1369,1,"4,460",27067.0
1370,u,340,27069.0
1371,3,"1,040",27071.0
1372,u,520,27073.0
1373,1,820,27075.0
1374,u,300,27077.0
1375,u,"2,890",27079.0
1376,u,460,27081.0
1377,2,"3,060",27083.0
1378,2,510,27085.0
1379,u,820,27087.0
1380,u,"1,740",27089.0
1381,1,"3,830",27091.0
1382,u,"2,080",27093.0
1383,1,"2,630",27095.0
1384,u,"3,020",27097.0
1385,1,"4,180",27099.0
1386,u,690,27101.0
1387,u,"4,300",27103.0
1388,2,"2,330",27105.0
1389,1,570,27107.0
1390,1,"18,740",27109.0
1391,2,"5,110",27111.0
1392,u,"1,480",27113.0
1393,1,"2,340",27115.0
1394,u,800,27117.0
1395,1,"3,410",27119.0
1396,u,940,27121.0
1397,16,"74,950",27123.0
1398,1,340,27125.0
1399,u,"1,340",27127.0
1400,u,"1,280",27129.0
1401,1,"7,960",27131.0
1402,u,850,27133.0
1403,u,"1,400",27135.0
1404,1,"17,030",27137.0
1405,u,"10,950",27139.0
1406,u,"1,470",27141.0
1407,18,"23,520",27143.0
1408,1,"20,260",27145.0
1409,u,"3,870",27147.0
1410,2,"1,250",27149.0
1411,u,820,27151.0
1412,1,"2,080",27153.0
1413,u,270,27155.0
1414,1,"2,110",27157.0
1415,1,"1,240",27159.0
1416,u,"2,140",27161.0
1417,u,"28,640",27163.0
1418,1,"1,020",27165.0
1419,u,640,27167.0
1420,1,"7,420",27169.0
1421,u,"14,920",27171.0
1422,u,880,27173.0
1424,3,"3,230",28001.0
1425,2,"4,230",28003.0
1426,2,"1,200",28005.0
1427,1,"1,910",28007.0
1428,1,900,28009.0
1429,5,"4,340",28011.0
1430,2,"1,460",28013.0
1431,1,980,28015.0
1432,3,"1,840",28017.0
1433,1,790,28019.0
1434,2,"1,370",28021.0
1435,1,"1,840",28023.0
1436,1,"2,240",28025.0
1437,3,"3,180",28027.0
1438,3,"3,440",28029.0
1439,2,"2,120",28031.0
1440,2,"22,900",28033.0
1441,10,"11,720",28035.0
1442,2,740,28037.0
1443,1,"2,480",28039.0
1444,1,"1,230",28041.0
1445,2,"2,510",28043.0
1446,2,"5,030",28045.0
1447,9,"25,790",28047.0
1448,18,"34,960",28049.0
1449,2,"2,170",28051.0
1450,2,920,28053.0
1451,u,100,28055.0
1452,2,"2,750",28057.0
1453,4,"17,290",28059.0
1454,2,"1,820",28061.0
1455,3,790,28063.0
1456,2,"1,180",28065.0
1457,2,"8,000",28067.0
1458,4,"1,130",28069.0
1459,1,"9,150",28071.0
1460,3,"8,350",28073.0
1461,2,"9,280",28075.0
1462,3,"1,330",28077.0
1463,2,"2,310",28079.0
1464,1,"10,570",28081.0
1465,2,"3,990",28083.0
1466,3,"4,090",28085.0
1467,1,"7,720",28087.0
1468,4,"13,710",28089.0
1469,2,"2,620",28091.0
1470,3,"4,130",28093.0
1471,3,"3,700",28095.0
1472,2,"1,030",28097.0
1473,4,"3,220",28099.0
1474,2,"2,410",28101.0
1475,2,"1,260",28103.0
1476,2,"9,180",28105.0
1477,2,"3,870",28107.0
1478,2,"6,110",28109.0
1479,3,"1,370",28111.0
1480,3,"4,750",28113.0
1481,1,"3,690",28115.0
1482,2,"2,750",28117.0
1483,2,820,28119.0
1484,5,"19,590",28121.0
1485,3,"3,080",28123.0
1486,1,470,28125.0
1487,2,"3,130",28127.0
1488,3,"1,620",28129.0
1489,1,"2,010",28131.0
1490,4,"3,030",28133.0
1491,1,"1,350",28135.0
1492,2,"3,530",28137.0
1493,3,"2,390",28139.0
1494,1,"1,940",28141.0
1495,3,"1,410",28143.0
1496,1,"3,090",28145.0
1497,2,"1,520",28147.0
1498,4,"5,740",28149.0
1499,5,"5,880",28151.0
1500,1,"2,260",28153.0
1501,1,990,28155.0
1502,1,790,28157.0
1503,2,"1,850",28159.0
1504,1,"1,320",28161.0
1505,3,"2,880",28163.0
1507,3,"4,350",29001.0
1508,1,"1,870",29003.0
1509,1,470,29005.0
1510,3,"3,550",29007.0
1511,5,"3,240",29009.0
1512,2,"1,110",29011.0
1513,2,"1,690",29013.0
1514,2,"1,300",29015.0
1515,1,"1,240",29017.0
1516,5,"29,270",29019.0
1517,4,"10,540",29021.0
1518,2,"4,680",29023.0
1519,3,890,29025.0
1520,2,"5,350",29027.0
1521,4,"3,610",29029.0
1522,2,"10,510",29031.0
1523,2,840,29033.0
1524,2,590,29035.0
1525,5,"11,530",29037.0
1526,u,"1,170",29039.0
1527,4,630,29041.0
1528,u,"10,000",29043.0
1529,1,640,29045.0
1530,4,"30,180",29047.0
1531,u,"2,130",29049.0
1532,2,"8,690",29051.0
1533,u,"1,640",29053.0
1534,u,"2,330",29055.0
1535,1,610,29057.0
1536,1,"1,570",29059.0
1537,u,750,29061.0
1538,u,940,29063.0
1539,u,"1,380",29065.0
1540,1,"1,070",29067.0
1541,1,"3,360",29069.0
1542,4,"11,100",29071.0
1543,u,"1,320",29073.0
1544,1,630,29075.0
1545,5,"39,250",29077.0
1546,1,990,29079.0
1547,2,740,29081.0
1548,2,"1,980",29083.0
1549,2,640,29085.0
1550,2,370,29087.0
1551,1,"1,100",29089.0
1552,3,"4,300",29091.0
1553,2,900,29093.0
1554,13,"90,190",29095.0
1555,3,"14,760",29097.0
1556,3,"25,690",29099.0
1557,1,"7,930",29101.0
1558,1,340,29103.0
1559,1,"3,830",29105.0
1560,3,"3,400",29107.0
1561,1,"3,710",29109.0
1562,1,"1,160",29111.0
1563,u,"6,560",29113.0
1564,1,"1,130",29115.0
1565,1,"1,950",29117.0
1566,1,"1,310",29119.0
1567,1,"1,200",29121.0
1568,u,810,29123.0
1569,2,"3,280",29125.0
1570,2,"2,410",29127.0
1571,u,310,29129.0
1572,2,"2,440",29131.0
1573,2,"1,240",29133.0
1574,1,"1,630",29135.0
1575,1,730,29137.0
1576,u,"1,040",29139.0
1577,2,"1,720",29141.0
1578,3,"1,780",29143.0
1579,2,"6,210",29145.0
1580,u,"3,720",29147.0
1581,1,920,29149.0
1582,u,"1,380",29151.0
1583,1,690,29153.0
1584,2,"1,850",29155.0
1585,1,"1,940",29157.0
1586,2,"4,880",29159.0
1587,3,"5,240",29161.0
1588,1,"1,590",29163.0
1589,1,"12,060",29165.0
1590,1,"3,820",29167.0
1591,u,"6,990",29169.0
1592,1,410,29171.0
1593,1,980,29173.0
1594,1,"2,690",29175.0
1595,1,"2,340",29177.0
1596,1,520,29179.0
1597,1,"1,310",29181.0
1598,2,"2,630",29183.0
1599,u,450,29185.0
1600,u,470,29186.0
1601,2,"4,330",29187.0
1602,1,700,29189.0
1603,u,550,29195.0
1604,3,"47,330",29197.0
1605,3,730,29199.0
1606,1,"6,920",29201.0
1607,16,"121,420",29203.0
1608,u,"1,680",29205.0
1609,3,"2,870",29207.0
1610,3,"2,480",29209.0
1611,1,580,29211.0
1612,3,"6,170",29213.0
1613,2,"2,170",29215.0
1614,2,"2,140",29217.0
1615,2,"3,570",29219.0
1616,1,"2,380",29221.0
1617,u,"1,080",29223.0
1618,3,"4,030",29225.0
1619,u,170,29227.0
1620,3,"1,650",29229.0
1621,9,"48,130",29510.0
1623,3,"1,040",30001.0
1624,4,"1,400",30003.0
1625,3,680,30005.0
1626,u,480,30007.0
1627,2,940,30009.0
1628,u,100,30011.0
1629,3,"9,390",30013.0
1630,u,540,30015.0
1631,1,"1,210",30017.0
1632,u,130,30019.0
1633,1,910,30021.0
1634,2,760,30023.0
1635,1,300,30025.0
1636,2,980,30027.0
1637,4,"10,580",30029.0
1638,4,"15,290",30031.0
1639,u,130,30033.0
1640,2,"1,500",30035.0
1641,u,80,30037.0
1642,u,250,30039.0
1643,3,"1,800",30041.0
1644,u,"1,030",30043.0
1645,u,150,30045.0
1646,6,"2,770",30047.0
1647,4,"7,520",30049.0
1648,u,250,30051.0
1649,2,"1,420",30053.0
1650,2,580,30055.0
1651,u,140,30057.0
1652,u,150,30059.0
1653,1,290,30061.0
1654,5,"16,630",30063.0
1655,u,360,30065.0
1656,1,"1,480",30067.0
1657,u,40,30069.0
1658,u,340,30071.0
1659,2,590,30073.0
1660,1,130,30075.0
1661,u,420,30077.0
1662,u,90,30079.0
1663,1,"3,440",30081.0
1664,2,"1,210",30083.0
1665,5,"1,220",30085.0
1666,4,910,30087.0
1667,u,840,30089.0
1668,u,320,30091.0
1669,3,"3,940",30093.0
1670,u,770,30095.0
1671,u,290,30097.0
1672,u,550,30099.0
1673,2,390,30101.0
1674,1,50,30103.0
1675,2,670,30105.0
1676,u,180,30107.0
1677,u,90,30109.0
1678,6,"19,080",30111.0
1680,1,"3,510",31001.0
1681,2,500,31003.0
1682,u,30,31005.0
1683,u,60,31007.0
1684,u,30,31009.0
1685,u,450,31011.0
1686,1,"1,080",31013.0
1687,u,150,31015.0
1688,u,250,31017.0
1689,1,"6,770",31019.0
1690,u,530,31021.0
1691,u,680,31023.0
1692,1,"2,550",31025.0
1693,u,720,31027.0
1694,u,330,31029.0
1695,u,500,31031.0
1696,u,990,31033.0
1697,u,530,31035.0
1698,u,"1,000",31037.0
1699,u,790,31039.0
1700,u,950,31041.0
1701,1,"2,370",31043.0
1702,1,"1,190",31045.0
1703,1,"2,560",31047.0
1704,u,140,31049.0
1705,u,540,31051.0
1706,2,"3,960",31053.0
1707,20,"72,880",31055.0
1708,u,150,31057.0
1709,u,500,31059.0
1710,u,250,31061.0
1711,u,260,31063.0
1712,u,410,31065.0
1713,1,"2,100",31067.0
1714,u,150,31069.0
1715,u,150,31071.0
1716,u,170,31073.0
1717,u,50,31075.0
1718,u,210,31077.0
1719,1,"7,030",31079.0
1720,u,950,31081.0
1721,u,270,31083.0
1722,u,60,31085.0
1723,u,230,31087.0
1724,u,820,31089.0
1725,u,60,31091.0
1726,u,610,31093.0
1727,u,600,31095.0
1728,1,350,31097.0
1729,u,640,31099.0
1730,u,660,31101.0
1731,u,50,31103.0
1732,u,290,31105.0
1733,2,660,31107.0
1734,3,"43,200",31109.0
1735,1,"3,790",31111.0
1736,u,70,31113.0
1737,u,50,31115.0
1738,2,"3,990",31117.0
1739,u,40,31119.0
1740,u,810,31121.0
1741,u,430,31123.0
1742,u,320,31125.0
1743,1,740,31127.0
1744,u,330,31129.0
1745,u,"1,470",31131.0
1746,u,210,31133.0
1747,u,230,31135.0
1748,u,850,31137.0
1749,u,680,31139.0
1750,2,"3,470",31141.0
1751,u,440,31143.0
1752,1,"1,050",31145.0
1753,1,670,31147.0
1754,u,100,31149.0
1755,1,"1,520",31151.0
1756,1,"22,770",31153.0
1757,u,"2,090",31155.0
1758,2,"3,990",31157.0
1759,u,"1,890",31159.0
1760,1,430,31161.0
1761,u,230,31163.0
1762,u,120,31165.0
1763,u,600,31167.0
1764,1,390,31169.0
1765,u,60,31171.0
1766,3,740,31173.0
1767,u,370,31175.0
1768,u,"2,130",31177.0
1769,u,"1,300",31179.0
1770,u,300,31181.0
1771,u,70,31183.0
1772,u,"1,440",31185.0
1774,2,"2,590",32001.0
1775,16,"278,030",32003.0
1776,3,"4,080",32005.0
1777,5,"6,450",32007.0
1778,u,50,32009.0
1779,2,190,32011.0
1780,2,"1,900",32013.0
1781,3,590,32015.0
1782,1,440,32017.0
1783,4,"5,320",32019.0
1784,2,400,32021.0
1785,3,"3,460",32023.0
1786,2,450,32027.0
1787,1,290,32029.0
1788,9,"56,210",32031.0
1789,2,810,32033.0
1790,2,"5,510",32510.0
1792,2,"6,130",33001.0
1793,2,"3,790",33003.0
1794,1,"9,220",33005.0
1795,5,"2,820",33007.0
1796,7,"10,930",33009.0
1797,9,"49,260",33011.0
1798,4,"17,110",33013.0
1799,6,"33,580",33015.0
1800,1,"18,160",33017.0
1801,2,"4,420",33019.0
1803,6,"31,780",34001.0
1804,6,"112,140",34003.0
1805,4,"51,980",34005.0
1806,10,"63,900",34007.0
1807,4,"9,030",34009.0
1808,6,"17,390",34011.0
1809,15,"104,550",34013.0
1810,3,"35,430",34015.0
1811,14,"103,570",34017.0
1812,1,"12,590",34019.0
1813,8,"47,830",34021.0
1814,8,"110,800",34023.0
1815,7,"69,490",34025.0
1816,6,"57,000",34027.0
1817,9,"60,320",34029.0
1818,4,"64,740",34031.0
1819,2,"7,010",34033.0
1820,1,"39,310",34035.0
1821,1,"15,260",34037.0
1822,4,"68,840",34039.0
1823,2,"11,780",34041.0
1825,42,"85,370",35001.0
1826,2,190,35003.0
1827,4,"7,640",35005.0
1828,4,"3,050",35006.0
1829,2,990,35007.0
1830,3,"6,420",35009.0
1831,2,150,35011.0
1832,22,"28,130",35013.0
1833,5,"6,790",35015.0
1834,8,"2,620",35017.0
1835,2,350,35019.0
1836,2,40,35021.0
1837,3,370,35023.0
1838,3,"8,470",35025.0
1839,1,"1,480",35027.0
1840,1,"1,800",35028.0
1841,5,"2,500",35029.0
1842,12,"9,590",35031.0
1843,4,370,35033.0
1844,6,"7,450",35035.0
1845,2,720,35037.0
1846,11,"4,280",35039.0
1847,4,"2,730",35041.0
1848,13,"13,720",35043.0
1849,6,"3,030",35045.0
1850,18,"16,120",35047.0
1851,19,"15,310",35049.0
1852,2,710,35051.0
1853,5,"1,650",35053.0
1854,11,"3,010",35055.0
1855,5,"1,400",35057.0
1856,1,320,35059.0
1857,4,"8,230",35061.0
1859,3,"43,750",36001.0
1860,5,"5,200",36003.0
1861,80,"205,120",36005.0
1862,8,"23,950",36007.0
1863,6,"8,430",36009.0
1864,5,"8,310",36011.0
1865,4,"14,130",36013.0
1866,1,"9,630",36015.0
1867,2,"4,650",36017.0
1868,2,"9,930",36019.0
1869,2,"6,000",36021.0
1870,6,"6,800",36023.0
1871,2,"4,200",36025.0
1872,9,"34,770",36027.0
1873,13,"113,690",36029.0
1874,4,"3,280",36031.0
1875,4,"4,990",36033.0
1876,1,"5,770",36035.0
1877,1,"6,290",36037.0
1878,1,"4,270",36039.0
1879,1,330,36041.0
1880,u,"6,760",36043.0
1881,8,"14,260",36045.0
1882,67,"392,200",36047.0
1883,2,"2,650",36049.0
1884,4,"7,920",36051.0
1885,2,"8,530",36053.0
1886,21,"95,420",36055.0
1887,1,"5,430",36057.0
1888,17,"160,580",36059.0
1889,64,"279,140",36061.0
1890,5,"24,040",36063.0
1891,2,"25,840",36065.0
1892,14,"58,810",36067.0
1893,3,"12,140",36069.0
1894,15,"44,920",36071.0
1895,2,"4,600",36073.0
1896,15,"13,910",36075.0
1897,3,"7,840",36077.0
1898,2,"10,710",36079.0
1899,38,"320,560",36081.0
1900,2,"19,780",36083.0
1901,10,"59,360",36085.0
1902,7,"37,720",36087.0
1903,2,"26,160",36089.0
1904,2,"18,880",36091.0
1905,2,"3,420",36093.0
1906,1,"1,730",36095.0
1907,2,"3,560",36097.0
1908,4,"13,130",36099.0
1909,4,"10,420",36101.0
1910,16,"175,080",36103.0
1911,3,"7,310",36105.0
1912,3,"5,050",36107.0
1913,1,"17,670",36109.0
1914,7,"20,190",36111.0
1915,10,"6,790",36113.0
1916,2,"6,260",36115.0
1917,3,"9,600",36117.0
1918,25,"115,760",36119.0
1919,3,"3,730",36121.0
1920,3,"2,900",36123.0
1922,4,"19,380",37001.0
1923,1,"3,700",37003.0
1924,2,850,37005.0
1925,2,"2,460",37007.0
1926,2,"2,180",37009.0
1927,2,"1,530",37011.0
1928,3,"4,850",37013.0
1929,3,"1,710",37015.0
1930,2,"3,360",37017.0
1931,2,"10,920",37019.0
1932,4,"30,960",37021.0
1933,2,"9,240",37023.0
1934,3,"24,730",37025.0
1935,3,"8,570",37027.0
1936,1,"1,080",37029.0
1937,1,"6,620",37031.0
1938,3,"1,950",37033.0
1939,2,"17,450",37035.0
1940,3,"6,560",37037.0
1941,2,"2,270",37039.0
1942,1,"1,330",37041.0
1943,1,840,37043.0
1944,1,"11,100",37045.0
1945,8,"5,660",37047.0
1946,2,"12,160",37049.0
1947,6,"46,640",37051.0
1948,1,"2,660",37053.0
1949,2,"3,390",37055.0
1950,4,"17,810",37057.0
1951,1,"4,170",37059.0
1952,12,"5,870",37061.0
1953,10,"46,120",37063.0
1954,5,"6,350",37065.0
1955,5,"46,890",37067.0
1956,2,"6,890",37069.0
1957,7,"25,990",37071.0
1958,2,"1,150",37073.0
1959,2,790,37075.0
1960,1,"6,210",37077.0
1961,1,"1,880",37079.0
1962,5,"70,710",37081.0
1963,2,"5,620",37083.0
1964,4,"16,920",37085.0
1965,2,"6,040",37087.0
1966,6,"10,900",37089.0
1967,4,"2,460",37091.0
1968,1,"7,310",37093.0
1969,2,410,37095.0
1970,3,"19,640",37097.0
1971,1,"5,860",37099.0
1972,3,"22,260",37101.0
1973,2,940,37103.0
1974,1,"6,900",37105.0
1975,2,"6,170",37107.0
1976,2,"8,590",37109.0
1977,2,"2,870",37111.0
1978,1,"2,350",37113.0
1979,2,"2,170",37115.0
1980,1,"4,660",37117.0
1981,8,"154,430",37119.0
1982,3,"1,260",37121.0
1983,2,"2,670",37123.0
1984,2,"9,600",37125.0
1985,2,"10,770",37127.0
1986,4,"30,580",37129.0
1987,1,"1,850",37131.0
1988,2,"26,240",37133.0
1989,5,"22,100",37135.0
1990,1,"1,050",37137.0
1991,1,"4,800",37139.0
1992,1,"6,170",37141.0
1993,1,"1,210",37143.0
1994,2,"4,210",37145.0
1995,3,"28,630",37147.0
1996,2,"1,520",37149.0
1997,2,"15,660",37151.0
1998,1,"5,170",37153.0
1999,5,"16,740",37155.0
2000,2,"9,670",37157.0
2001,2,"15,980",37159.0
2002,2,"6,920",37161.0
2003,7,"6,290",37163.0
2004,2,"3,950",37165.0
2005,1,"6,480",37167.0
2006,1,"4,670",37169.0
2007,1,"7,370",37171.0
2008,4,"1,540",37173.0
2009,2,"3,070",37175.0
2010,1,350,37177.0
2011,2,"26,050",37179.0
2012,1,"5,120",37181.0
2013,10,"144,870",37183.0
2014,1,"1,710",37185.0
2015,2,"1,090",37187.0
2016,2,"8,820",37189.0
2017,6,"14,710",37191.0
2018,1,"6,810",37193.0
2019,3,"9,600",37195.0
2020,1,"3,840",37197.0
2021,1,"1,510",37199.0
2023,u,180,38001.0
2024,2,"1,060",38003.0
2025,1,650,38005.0
2026,u,80,38007.0
2027,u,540,38009.0
2028,u,290,38011.0
2029,u,190,38013.0
2030,1,"11,450",38015.0
2031,5,"26,680",38017.0
2032,u,300,38019.0
2033,u,480,38021.0
2034,1,180,38023.0
2035,2,410,38025.0
2036,u,190,38027.0
2037,u,250,38029.0
2038,1,290,38031.0
2039,u,170,38033.0
2040,3,"11,060",38035.0
2041,u,180,38037.0
2042,u,170,38039.0
2043,u,260,38041.0
2044,u,200,38043.0
2045,u,310,38045.0
2046,u,150,38047.0
2047,u,550,38049.0
2048,u,200,38051.0
2049,1,"1,420",38053.0
2050,1,820,38055.0
2051,2,740,38057.0
2052,u,"3,660",38059.0
2053,6,"1,070",38061.0
2054,u,200,38063.0
2055,1,160,38065.0
2056,u,580,38067.0
2057,u,340,38069.0
2058,1,"1,110",38071.0
2059,1,460,38073.0
2060,u,220,38075.0
2061,1,"1,890",38077.0
2062,4,"1,540",38079.0
2063,u,320,38081.0
2064,1,90,38083.0
2065,2,540,38085.0
2066,u,50,38087.0
2067,1,"3,830",38089.0
2068,u,170,38091.0
2069,1,"2,270",38093.0
2070,u,160,38095.0
2071,u,770,38097.0
2072,u,980,38099.0
2073,1,"9,400",38101.0
2074,u,290,38103.0
2075,2,"4,220",38105.0
2077,4,"2,740",39001.0
2078,4,"11,560",39003.0
2079,1,"6,050",39005.0
2080,2,"9,920",39007.0
2081,3,"11,220",39009.0
2082,u,"4,810",39011.0
2083,4,"6,680",39013.0
2084,4,"4,600",39015.0
2085,4,"47,530",39017.0
2086,1,"2,710",39019.0
2087,1,"4,090",39021.0
2088,4,"15,000",39023.0
2089,4,"23,010",39025.0
2090,3,"4,700",39027.0
2091,2,"10,230",39029.0
2092,2,"3,830",39031.0
2093,u,"4,440",39033.0
2094,26,"154,280",39035.0
2095,4,"5,250",39037.0
2096,2,"4,210",39039.0
2097,3,"22,440",39041.0
2098,2,"7,850",39043.0
2099,8,"16,990",39045.0
2100,2,"3,170",39047.0
2101,23,"184,490",39049.0
2102,1,"4,520",39051.0
2103,1,"3,260",39053.0
2104,1,"9,000",39055.0
2105,1,"20,590",39057.0
2106,2,"4,140",39059.0
2107,42,"104,670",39061.0
2108,1,"8,940",39063.0
2109,2,"3,770",39065.0
2110,3,"1,390",39067.0
2111,2,"2,710",39069.0
2112,4,"4,280",39071.0
2113,1,"2,960",39073.0
2114,1,"4,830",39075.0
2115,2,"6,260",39077.0
2116,1,"3,630",39079.0
2117,3,"7,330",39081.0
2118,1,"7,100",39083.0
2119,1,"24,710",39085.0
2120,8,"6,680",39087.0
2121,1,"19,520",39089.0
2122,2,"4,810",39091.0
2123,7,"33,480",39093.0
2124,14,"53,410",39095.0
2125,2,"4,340",39097.0
2126,2,"24,790",39099.0
2127,1,"6,590",39101.0
2128,1,"18,890",39103.0
2129,2,"2,230",39105.0
2130,u,"4,210",39107.0
2131,1,"11,350",39109.0
2132,1,"1,250",39111.0
2133,12,"64,160",39113.0
2134,u,"1,370",39115.0
2135,u,"3,620",39117.0
2136,2,"9,880",39119.0
2137,1,"1,100",39121.0
2138,1,"3,670",39123.0
2139,u,"1,800",39125.0
2140,2,"3,900",39127.0
2141,2,"6,140",39129.0
2142,2,"2,810",39131.0
2143,2,"21,750",39133.0
2144,1,"3,980",39135.0
2145,u,"3,310",39137.0
2146,11,"12,240",39139.0
2147,1,"7,940",39141.0
2148,6,"6,340",39143.0
2149,4,"8,490",39145.0
2150,2,"6,150",39147.0
2151,u,"5,260",39149.0
2152,7,"41,580",39151.0
2153,5,"63,530",39153.0
2154,2,"20,970",39155.0
2155,1,"9,690",39157.0
2156,2,"7,520",39159.0
2157,1,"3,000",39161.0
2158,1,"1,270",39163.0
2159,3,"24,890",39165.0
2160,u,"6,450",39167.0
2161,1,"13,070",39169.0
2162,2,"3,540",39171.0
2163,2,"18,230",39173.0
2164,1,"2,110",39175.0
2166,4,"2,360",40001.0
2167,1,440,40003.0
2168,2,"1,310",40005.0
2169,2,510,40007.0
2170,2,"2,370",40009.0
2171,2,900,40011.0
2172,2,"5,620",40013.0
2173,4,"2,740",40015.0
2174,4,"17,150",40017.0
2175,3,"5,580",40019.0
2176,6,"6,540",40021.0
2177,3,"1,450",40023.0
2178,u,170,40025.0
2179,9,"39,840",40027.0
2180,2,570,40029.0
2181,4,"15,810",40031.0
2182,1,590,40033.0
2183,2,"1,300",40035.0
2184,4,"7,760",40037.0
2185,4,"4,100",40039.0
2186,2,"3,710",40041.0
2187,u,450,40043.0
2188,u,380,40045.0
2189,2,"7,090",40047.0
2190,3,"2,830",40049.0
2191,1,"6,180",40051.0
2192,2,390,40053.0
2193,1,470,40055.0
2194,1,250,40057.0
2195,2,330,40059.0
2196,3,"1,200",40061.0
2197,2,"1,170",40063.0
2198,1,"3,100",40065.0
2199,1,540,40067.0
2200,3,"1,160",40069.0
2201,6,"4,860",40071.0
2202,1,"1,570",40073.0
2203,1,840,40075.0
2204,2,"1,090",40077.0
2205,5,"5,390",40079.0
2206,1,"3,750",40081.0
2207,2,"5,490",40083.0
2208,1,"1,030",40085.0
2209,1,710,40087.0
2210,1,"1,470",40089.0
2211,2,"4,110",40091.0
2212,3,"4,350",40093.0
2213,5,"3,360",40095.0
2214,5,"1,720",40097.0
2215,1,"1,380",40099.0
2216,4,"8,230",40101.0
2217,1,"1,070",40103.0
2218,2,"1,020",40105.0
2219,2,"1,080",40107.0
2220,14,"103,490",40109.0
2221,5,"4,390",40111.0
2222,8,"4,830",40113.0
2223,3,"3,550",40115.0
2224,3,"1,710",40117.0
2225,3,"13,500",40119.0
2226,3,"4,510",40121.0
2227,4,"4,940",40123.0
2228,4,"9,220",40125.0
2229,2,970,40127.0
2230,u,320,40129.0
2231,3,"10,490",40131.0
2232,5,"2,550",40133.0
2233,3,"4,600",40135.0
2234,1,"4,770",40137.0
2235,1,"2,420",40139.0
2236,1,670,40141.0
2237,9,"82,860",40143.0
2238,4,"8,890",40145.0
2239,4,"5,800",40147.0
2240,u,"1,150",40149.0
2241,1,"1,040",40151.0
2242,1,"2,260",40153.0
2244,1,"1,310",41001.0
2245,5,"13,650",41003.0
2246,12,"47,240",41005.0
2247,2,"4,140",41007.0
2248,4,"5,410",41009.0
2249,6,"6,220",41011.0
2250,3,"2,150",41013.0
2251,3,"1,730",41015.0
2252,13,"20,340",41017.0
2253,11,"10,510",41019.0
2254,u,140,41021.0
2255,1,550,41023.0
2256,1,660,41025.0
2257,3,"2,620",41027.0
2258,19,"23,900",41029.0
2259,3,"2,150",41031.0
2260,5,"8,040",41033.0
2261,6,"7,070",41035.0
2262,3,610,41037.0
2263,12,"47,030",41039.0
2264,7,"4,200",41041.0
2265,2,"14,140",41043.0
2266,4,"2,980",41045.0
2267,7,"41,010",41047.0
2268,3,"1,200",41049.0
2269,40,"118,130",41051.0
2270,4,"10,550",41053.0
2271,u,150,41055.0
2272,4,"2,190",41057.0
2273,4,"8,370",41059.0
2274,2,"3,080",41061.0
2275,2,550,41063.0
2276,2,"2,810",41065.0
2277,9,"78,650",41067.0
2278,1,80,41069.0
2279,5,"12,620",41071.0
2281,2,"11,140",42001.0
2282,42,"154,230",42003.0
2283,1,"6,550",42005.0
2284,4,"17,820",42007.0
2285,3,"4,370",42009.0
2286,7,"48,920",42011.0
2287,2,"13,480",42013.0
2288,1,"6,130",42015.0
2289,5,"69,050",42017.0
2290,5,"20,530",42019.0
2291,3,"14,040",42021.0
2292,1,390,42023.0
2293,u,"6,480",42025.0
2294,1,"24,600",42027.0
2295,4,"60,360",42029.0
2296,3,"4,530",42031.0
2297,3,"7,750",42033.0
2298,u,"5,120",42035.0
2299,1,"8,920",42037.0
2300,2,"9,510",42039.0
2301,3,"30,030",42041.0
2302,3,"33,660",42043.0
2303,8,"70,900",42045.0
2304,1,"2,630",42047.0
2305,6,"33,030",42049.0
2306,5,"13,610",42051.0
2307,u,320,42053.0
2308,6,"17,240",42055.0
2309,2,"1,370",42057.0
2310,5,"3,680",42059.0
2311,1,"4,510",42061.0
2312,3,"10,810",42063.0
2313,1,"4,210",42065.0
2314,u,"2,370",42067.0
2315,6,"24,390",42069.0
2316,8,"64,760",42071.0
2317,2,"9,270",42073.0
2318,3,"15,620",42075.0
2319,5,"44,160",42077.0
2320,7,"35,070",42079.0
2321,1,"13,160",42081.0
2322,u,"4,340",42083.0
2323,12,"12,010",42085.0
2324,2,"4,750",42087.0
2325,2,"19,400",42089.0
2326,7,"96,910",42091.0
2327,u,"1,990",42093.0
2328,2,"35,060",42095.0
2329,1,"9,470",42097.0
2330,u,"5,010",42099.0
2331,75,"236,180",42101.0
2332,u,"5,300",42103.0
2333,u,"1,460",42105.0
2334,2,"14,290",42107.0
2335,1,"4,820",42109.0
2336,1,"7,010",42111.0
2337,u,480,42113.0
2338,3,"3,570",42115.0
2339,6,"4,240",42117.0
2340,1,"4,920",42119.0
2341,1,"5,160",42121.0
2342,1,"3,810",42123.0
2343,7,"22,540",42125.0
2344,4,"4,160",42127.0
2345,4,"36,070",42129.0
2346,3,"2,940",42131.0
2347,8,"51,110",42133.0
2351,u,"5,550",44001.0
2352,8,"18,840",44003.0
2353,1,"9,300",44005.0
2354,26,"85,630",44007.0
2355,4,"15,060",44009.0
2357,2,"2,690",45001.0
2358,5,"19,290",45003.0
2359,2,800,45005.0
2360,2,"22,620",45007.0
2361,2,"1,570",45009.0
2362,3,"2,290",45011.0
2363,3,"18,690",45013.0
2364,4,"26,870",45015.0
2365,2,"1,500",45017.0
2366,9,"54,230",45019.0
2367,2,"6,910",45021.0
2368,2,"3,620",45023.0
2369,5,"4,810",45025.0
2370,3,"3,190",45027.0
2371,2,"3,840",45029.0
2372,5,"7,940",45031.0
2373,1,"3,450",45033.0
2374,3,"19,580",45035.0
2375,1,"2,530",45037.0
2376,7,"2,480",45039.0
2377,8,"17,790",45041.0
2378,6,"5,830",45043.0
2379,5,"62,810",45045.0
2380,5,"8,890",45047.0
2381,2,"1,990",45049.0
2382,10,"35,020",45051.0
2383,4,"3,100",45053.0
2384,4,"7,160",45055.0
2385,1,"9,830",45057.0
2386,2,"7,800",45059.0
2387,3,"1,680",45061.0
2388,6,"34,820",45063.0
2389,2,"3,450",45065.0
2390,5,"2,780",45067.0
2391,3,580,45069.0
2392,3,"4,180",45071.0
2393,1,"7,560",45073.0
2394,7,"10,800",45075.0
2395,3,"16,300",45077.0
2396,12,"62,240",45079.0
2397,3,"2,060",45081.0
2398,7,"37,410",45083.0
2399,5,"13,260",45085.0
2400,1,"3,050",45087.0
2401,3,"3,190",45089.0
2402,4,"32,390",45091.0
2404,2,230,46003.0
2405,2,"1,830",46005.0
2406,2,390,46007.0
2407,1,450,46009.0
2408,1,"5,630",46011.0
2409,2,"4,660",46013.0
2410,2,480,46015.0
2411,2,230,46017.0
2412,u,940,46019.0
2413,u,110,46021.0
2414,2,870,46023.0
2415,u,310,46025.0
2416,1,"2,670",46027.0
2417,1,"3,130",46029.0
2418,3,430,46031.0
2419,1,650,46033.0
2420,1,"2,220",46035.0
2421,u,440,46037.0
2422,u,350,46039.0
2423,5,620,46041.0
2424,1,230,46043.0
2425,u,350,46045.0
2426,1,510,46047.0
2427,u,200,46049.0
2428,1,600,46051.0
2429,1,300,46053.0
2430,1,150,46055.0
2431,1,540,46057.0
2432,1,250,46059.0
2433,u,350,46061.0
2434,u,110,46063.0
2435,2,"2,020",46065.0
2436,u,640,46067.0
2437,1,110,46069.0
2438,2,340,46071.0
2439,2,140,46073.0
2440,1,80,46075.0
2441,2,430,46077.0
2442,1,"1,100",46079.0
2443,1,"2,960",46081.0
2444,2,"6,960",46083.0
2445,2,380,46085.0
2446,u,380,46087.0
2447,u,530,46089.0
2448,u,180,46091.0
2449,2,"3,170",46093.0
2450,1,210,46095.0
2451,3,180,46097.0
2452,5,"23,600",46099.0
2453,2,570,46101.0
2454,6,"12,170",46103.0
2455,2,250,46105.0
2456,1,170,46107.0
2457,2,960,46109.0
2458,1,190,46111.0
2459,u,"1,780",46113.0
2460,1,590,46115.0
2461,1,270,46117.0
2462,1,130,46119.0
2463,1,"1,180",46121.0
2464,1,470,46123.0
2465,u,810,46125.0
2466,2,"1,580",46127.0
2467,1,480,46129.0
2468,1,"2,310",46135.0
2469,1,310,46137.0
2471,2,"8,080",47001.0
2472,1,"5,580",47003.0
2473,1,"1,370",47005.0
2474,2,"1,170",47007.0
2475,3,"14,010",47009.0
2476,2,"12,640",47011.0
2477,3,"4,260",47013.0
2478,2,"1,490",47015.0
2479,1,"2,760",47017.0
2480,3,"6,000",47019.0
2481,1,"4,470",47021.0
2482,2,"2,330",47023.0
2483,3,"3,370",47025.0
2484,2,660,47027.0
2485,6,"3,700",47029.0
2486,2,"6,110",47031.0
2487,1,"1,590",47033.0
2488,2,"5,120",47035.0
2489,17,"106,240",47037.0
2490,1,"1,040",47039.0
2491,2,"1,890",47041.0
2492,2,"5,940",47043.0
2493,1,"4,410",47045.0
2494,2,"4,070",47047.0
2495,2,"1,630",47049.0
2496,1,"4,820",47051.0
2497,3,"5,190",47053.0
2498,1,"2,910",47055.0
2499,4,"2,290",47057.0
2500,2,"7,120",47059.0
2501,3,"1,280",47061.0
2502,2,"6,870",47063.0
2503,11,"45,100",47065.0
2504,2,630,47067.0
2505,2,"2,220",47069.0
2506,5,"2,370",47071.0
2507,7,"5,880",47073.0
2508,2,"1,920",47075.0
2509,1,"2,850",47077.0
2510,1,"3,120",47079.0
2511,2,"2,550",47081.0
2512,1,760,47083.0
2513,1,"1,720",47085.0
2514,2,"1,110",47087.0
2515,3,"5,830",47089.0
2516,2,"1,390",47091.0
2517,10,"60,490",47093.0
2518,3,490,47095.0
2519,2,"2,720",47097.0
2520,1,"4,710",47099.0
2521,2,"1,120",47101.0
2522,1,"3,180",47103.0
2523,2,"4,750",47105.0
2524,2,"2,770",47107.0
2525,1,"12,410",47109.0
2526,1,"3,010",47111.0
2527,2,"3,700",47113.0
2528,2,"10,830",47115.0
2529,2,"5,750",47117.0
2530,2,"2,470",47119.0
2531,2,"1,110",47121.0
2532,6,"4,290",47123.0
2533,2,"29,060",47125.0
2534,1,630,47127.0
2535,2,"2,040",47129.0
2536,1,"3,320",47131.0
2537,2,"2,290",47133.0
2538,2,720,47135.0
2539,2,410,47137.0
2540,3,"1,710",47139.0
2541,2,"9,670",47141.0
2542,2,"3,520",47143.0
2543,1,"5,160",47145.0
2544,1,"8,010",47147.0
2545,4,"44,480",47149.0
2546,6,"2,280",47151.0
2547,1,"1,520",47153.0
2548,1,"10,530",47155.0
2549,25,"126,490",47157.0
2550,2,"2,110",47159.0
2551,2,"1,200",47161.0
2552,4,"16,480",47163.0
2553,5,"21,060",47165.0
2554,1,"7,340",47167.0
2555,2,930,47169.0
2556,2,"1,730",47171.0
2557,2,"2,060",47173.0
2558,2,490,47175.0
2559,2,"4,380",47177.0
2560,4,"16,170",47179.0
2561,2,"1,390",47181.0
2562,3,"4,350",47183.0
2563,2,"2,540",47185.0
2564,3,"24,380",47187.0
2565,1,"15,370",47189.0
2567,u,"4,770",48001.0
2568,1,"2,160",48003.0
2569,u,"10,280",48005.0
2570,1,"2,300",48007.0
2571,u,870,48009.0
2572,u,160,48011.0
2573,2,"5,710",48013.0
2574,8,"3,130",48015.0
2575,1,720,48017.0
2576,u,"1,790",48019.0
2577,2,"8,840",48021.0
2578,u,330,48023.0
2579,2,"3,030",48025.0
2580,5,"47,790",48027.0
2581,27,"261,270",48029.0
2582,u,910,48031.0
2583,u,50,48033.0
2584,u,"1,550",48035.0
2585,4,"10,730",48037.0
2586,5,"44,180",48039.0
2587,3,"39,370",48041.0
2588,2,940,48043.0
2589,u,120,48045.0
2590,1,680,48047.0
2591,2,"4,260",48049.0
2592,2,"1,790",48051.0
2593,1,"4,300",48053.0
2594,3,"5,070",48055.0
2595,u,"2,390",48057.0
2596,3,"1,410",48059.0
2597,9,"51,410",48061.0
2598,u,"1,360",48063.0
2599,u,650,48065.0
2600,1,"2,850",48067.0
2601,u,790,48069.0
2602,3,"4,910",48071.0
2603,2,"5,540",48073.0
2604,u,550,48075.0
2605,u,960,48077.0
2606,u,300,48079.0
2607,u,260,48081.0
2608,u,690,48083.0
2609,6,"121,200",48085.0
2610,u,290,48087.0
2611,u,"1,880",48089.0
2612,1,"14,280",48091.0
2613,1,"1,180",48093.0
2614,1,210,48095.0
2615,u,"4,200",48097.0
2616,u,"11,440",48099.0
2617,u,120,48101.0
2618,u,510,48103.0
2619,u,370,48105.0
2620,u,620,48107.0
2621,u,210,48109.0
2622,u,800,48111.0
2623,31,"356,600",48113.0
2624,2,"1,320",48115.0
2625,1,"1,800",48117.0
2626,1,"2,170",48119.0
2627,1,460,48121.0
2628,9,"112,910",48123.0
2629,1,130,48125.0
2630,2,"1,150",48127.0
2631,u,340,48129.0
2632,u,"1,120",48131.0
2633,u,"1,730",48133.0
2634,1,"20,730",48135.0
2635,u,150,48137.0
2636,16,"109,040",48139.0
2637,2,"20,610",48141.0
2638,1,"6,430",48143.0
2639,u,"2,280",48145.0
2640,1,"2,970",48147.0
2641,1,"2,180",48149.0
2642,u,340,48151.0
2643,u,580,48153.0
2644,u,110,48155.0
2645,14,"94,260",48157.0
2646,u,950,48159.0
2647,u,"1,760",48161.0
2648,2,"1,670",48163.0
2649,1,"2,340",48165.0
2650,5,"40,070",48167.0
2651,u,500,48169.0
2652,1,"2,240",48171.0
2653,u,130,48173.0
2654,1,720,48175.0
2655,1,"2,070",48177.0
2656,u,"2,330",48179.0
2657,1,"14,400",48181.0
2658,8,"15,030",48183.0
2659,1,"2,460",48185.0
2660,1,"18,860",48187.0
2661,2,"3,840",48189.0
2662,u,290,48191.0
2663,u,700,48193.0
2664,u,580,48195.0
2665,u,350,48197.0
2666,1,"6,360",48199.0
2667,48,"628,260",48201.0
2668,1,"7,630",48203.0
2669,u,480,48205.0
2670,u,490,48207.0
2671,3,"31,000",48209.0
2672,u,430,48211.0
2673,u,"8,050",48213.0
2674,15,"108,390",48215.0
2675,u,"3,320",48217.0
2676,1,"2,850",48219.0
2677,u,"5,370",48221.0
2678,u,"3,990",48223.0
2679,u,"1,890",48225.0
2680,1,"3,870",48227.0
2681,2,520,48229.0
2682,1,"10,790",48231.0
2683,u,"2,400",48233.0
2684,u,140,48235.0
2685,u,730,48237.0
2686,u,"1,480",48239.0
2687,3,"3,450",48241.0
2688,u,160,48243.0
2689,4,"30,380",48245.0
2690,u,490,48247.0
2691,1,"4,740",48249.0
2692,u,"19,180",48251.0
2693,u,"1,480",48253.0
2694,1,"1,260",48255.0
2695,2,"14,420",48257.0
2696,u,"4,310",48259.0
2697,u,30,48261.0
2698,u,50,48263.0
2699,u,"4,960",48265.0
2700,1,350,48267.0
2701,u,10,48269.0
2702,u,280,48271.0
2703,4,"4,590",48273.0
2704,u,340,48275.0
2705,2,690,48277.0
2706,2,"5,590",48279.0
2707,u,"1,300",48281.0
2708,u,"2,130",48283.0
2709,u,"1,760",48285.0
2710,1,"1,650",48287.0
2711,1,"1,490",48289.0
2712,1,"10,400",48291.0
2713,2,"2,190",48293.0
2714,u,320,48295.0
2715,1,"1,010",48297.0
2716,u,"1,370",48299.0
2717,u,10,48301.0
2718,10,"44,850",48303.0
2719,2,560,48305.0
2720,1,"1,230",48307.0
2721,1,830,48309.0
2722,u,680,48311.0
2723,1,310,48313.0
2724,1,"4,130",48315.0
2725,2,"6,960",48317.0
2726,1,730,48319.0
2727,17,"33,600",48321.0
2728,1,70,48323.0
2729,2,"5,060",48325.0
2730,1,150,48327.0
2731,3,"21,720",48329.0
2732,u,"2,380",48331.0
2733,u,400,48333.0
2734,u,670,48335.0
2735,u,"1,850",48337.0
2736,4,"66,330",48339.0
2737,u,"2,510",48341.0
2738,u,"1,230",48343.0
2739,u,80,48345.0
2740,1,"9,820",48347.0
2741,u,"5,340",48349.0
2742,1,"1,370",48351.0
2743,1,"1,580",48353.0
2744,7,"46,490",48355.0
2745,u,"1,090",48357.0
2746,u,230,48359.0
2747,2,"9,830",48361.0
2748,u,"3,070",48363.0
2749,u,"2,370",48365.0
2750,u,"14,310",48367.0
2751,u,960,48369.0
2752,2,"1,500",48371.0
2753,u,"3,910",48373.0
2754,5,"14,280",48375.0
2755,2,660,48377.0
2756,u,980,48379.0
2757,2,"17,290",48381.0
2758,u,370,48383.0
2759,2,280,48385.0
2760,u,"1,050",48387.0
2761,1,"1,360",48389.0
2762,u,690,48391.0
2763,u,90,48393.0
2764,2,"1,830",48395.0
2765,u,"10,750",48397.0
2766,u,940,48399.0
2767,2,"5,440",48401.0
2768,u,820,48403.0
2769,u,690,48405.0
2770,1,"2,510",48407.0
2771,4,"7,850",48409.0
2772,u,440,48411.0
2773,u,310,48413.0
2774,1,"1,820",48415.0
2775,1,330,48417.0
2776,2,"2,640",48419.0
2777,u,290,48421.0
2778,4,"28,210",48423.0
2779,u,970,48425.0
2780,u,"8,020",48427.0
2781,1,830,48429.0
2782,u,130,48431.0
2783,u,120,48433.0
2784,u,380,48435.0
2785,u,660,48437.0
2786,6,"270,560",48439.0
2787,2,"19,090",48441.0
2788,u,70,48443.0
2789,1,"1,180",48445.0
2790,u,140,48447.0
2791,1,"3,820",48449.0
2792,2,"15,340",48451.0
2793,21,"181,490",48453.0
2794,u,"1,330",48455.0
2795,u,"1,700",48457.0
2796,1,"4,360",48459.0
2797,u,360,48461.0
2798,1,"3,220",48463.0
2799,2,"5,750",48465.0
2800,u,"5,210",48467.0
2801,u,"11,290",48469.0
2802,u,"9,470",48471.0
2803,3,"7,300",48473.0
2804,u,"1,240",48475.0
2805,u,"3,790",48477.0
2806,4,"35,400",48479.0
2807,u,"4,670",48481.0
2808,u,530,48483.0
2809,3,"15,720",48485.0
2810,u,"1,460",48487.0
2811,1,"2,310",48489.0
2812,4,"69,310",48491.0
2813,1,"5,210",48493.0
2814,u,850,48495.0
2815,u,"7,110",48497.0
2816,u,"3,690",48499.0
2817,1,890,48501.0
2818,u,"1,720",48503.0
2819,1,"1,760",48505.0
2820,1,"1,310",48507.0
2822,u,640,49001.0
2823,4,"6,340",49003.0
2824,3,"19,740",49005.0
2825,4,"2,390",49007.0
2826,u,90,49009.0
2827,1,"45,870",49011.0
2828,u,"2,320",49013.0
2829,2,"1,050",49015.0
2830,4,430,49017.0
2831,3,"1,000",49019.0
2832,3,"7,110",49021.0
2833,1,"1,320",49023.0
2834,1,650,49025.0
2835,2,"1,190",49027.0
2836,u,"1,280",49029.0
2837,u,110,49031.0
2838,1,230,49033.0
2839,15,"158,730",49035.0
2840,6,"1,850",49037.0
2841,6,"3,610",49039.0
2842,1,"2,170",49041.0
2843,3,"4,490",49043.0
2844,1,"8,450",49045.0
2845,2,"4,610",49047.0
2846,5,"92,430",49049.0
2847,2,"3,660",49051.0
2848,7,"17,880",49053.0
2849,1,230,49055.0
2850,5,"33,160",49057.0
2852,4,"4,080",50001.0
2853,2,"3,760",50003.0
2854,5,"3,070",50005.0
2855,7,"23,920",50007.0
2856,2,550,50009.0
2857,6,"5,740",50011.0
2858,1,680,50013.0
2859,3,"2,840",50015.0
2860,4,"2,960",50017.0
2861,1,"2,550",50019.0
2862,6,"6,210",50021.0
2863,4,"6,500",50023.0
2864,3,"4,170",50025.0
2865,8,"5,560",50027.0
2867,4,"3,010",51001.0
2868,1,"13,330",51003.0
2869,6,"26,040",51510.0
2870,2,"1,400",51005.0
2871,3,"1,300",51007.0
2872,2,"3,480",51009.0
2873,1,"1,680",51011.0
2874,1,"40,340",51013.0
2875,u,"7,360",51015.0
2876,1,370,51017.0
2877,2,"7,730",51019.0
2878,u,#VALUE!,51515.0
2879,2,510,51021.0
2880,1,"3,120",51023.0
2881,3,"1,930",51520.0
2882,2,"1,420",51025.0
2883,4,"1,920",51027.0
2884,2,"1,570",51029.0
2885,1,820,51530.0
2886,1,"6,280",51031.0
2887,2,"3,520",51033.0
2888,2,"2,610",51035.0
2889,2,670,51036.0
2890,3,"1,090",51037.0
2891,2,"9,130",51540.0
2892,2,"30,710",51550.0
2893,2,"42,240",51041.0
2894,1,"1,370",51043.0
2895,1,"2,060",51570.0
2896,1,550,51580.0
2897,1,500,51045.0
2898,1,"5,600",51047.0
2899,2,980,51049.0
2900,2,"4,800",51590.0
2901,2,"1,530",51051.0
2902,2,"3,230",51053.0
2903,2,640,51595.0
2904,1,"1,120",51057.0
2905,u,"144,620",51059.0
2906,u,"2,830",51600.0
2907,1,"1,680",51610.0
2908,1,"7,450",51061.0
2909,2,"1,510",51063.0
2910,1,"3,170",51065.0
2911,2,"5,590",51067.0
2912,2,910,51620.0
2913,1,"9,530",51069.0
2914,2,"5,260",51630.0
2915,1,690,51640.0
2916,1,"1,750",51071.0
2917,1,"3,920",51073.0
2918,1,"2,140",51075.0
2919,1,"1,280",51077.0
2920,1,"2,090",51079.0
2921,u,840,51081.0
2922,1,"3,220",51083.0
2923,4,"18,850",51650.0
2924,1,"11,250",51085.0
2925,2,"10,900",51660.0
2926,2,"42,910",51087.0
2927,1,"5,040",51089.0
2928,2,150,51091.0
2929,1,"2,920",51670.0
2930,1,"3,800",51093.0
2931,u,"7,440",51095.0
2932,1,600,51097.0
2933,1,"2,820",51099.0
2934,2,"1,870",51101.0
2935,1,780,51103.0
2936,5,"2,090",51105.0
2937,2,980,51678.0
2938,2,"49,790",51107.0
2939,2,"3,330",51109.0
2940,2,"1,020",51111.0
2941,2,"13,990",51680.0
2942,1,"1,250",51113.0
2943,2,"5,590",51683.0
2944,u,"2,220",51685.0
2945,3,"1,440",51690.0
2946,2,710,51115.0
2947,2,"2,680",51117.0
2948,1,790,51119.0
2949,2,"15,920",51121.0
2950,2,"1,330",51125.0
2951,1,"2,180",51127.0
2952,5,"26,390",51700.0
2953,5,"36,610",51710.0
2954,3,"1,020",51131.0
2955,1,840,51133.0
2956,u,480,51720.0
2957,1,"1,300",51135.0
2958,1,"3,460",51137.0
2959,1,"2,290",51139.0
2960,1,"1,420",51141.0
2961,3,"4,250",51730.0
2962,2,"5,920",51143.0
2963,u,"1,230",51735.0
2964,2,"12,790",51740.0
2965,1,"2,710",51145.0
2966,2,"3,290",51147.0
2967,2,"4,190",51149.0
2968,3,"59,840",51153.0
2969,1,"3,320",51155.0
2970,1,"3,800",51750.0
2971,1,650,51157.0
2972,5,660,51159.0
2973,18,"37,750",51760.0
2974,1,"10,170",51161.0
2975,4,"12,770",51770.0
2976,u,"1,930",51163.0
2977,u,"8,900",51165.0
2978,2,"2,560",51167.0
2979,1,"3,280",51775.0
2980,2,"2,090",51169.0
2981,1,"4,140",51171.0
2982,2,"3,000",51173.0
2983,2,"1,630",51175.0
2984,1,"15,970",51177.0
2985,1,"18,020",51179.0
2986,1,"3,160",51790.0
2987,4,"11,060",51800.0
2988,2,610,51181.0
2989,3,910,51183.0
2990,2,"4,110",51185.0
2991,3,"61,500",51810.0
2992,1,"4,470",51187.0
2993,2,"5,450",51191.0
2994,1,"2,580",51820.0
2995,1,"1,610",51193.0
2996,u,"3,170",51830.0
2997,1,"3,540",51840.0
2998,4,"4,150",51195.0
2999,1,"2,790",51197.0
3000,u,"7,940",51199.0
3002,2,"2,230",53001.0
3003,u,"2,260",53003.0
3004,4,"23,280",53005.0
3005,4,"8,380",53007.0
3006,7,"6,530",53009.0
3007,5,"57,080",53011.0
3008,1,330,53013.0
3009,4,"11,550",53015.0
3010,2,"4,570",53017.0
3011,4,590,53019.0
3012,6,"11,510",53021.0
3013,1,170,53023.0
3014,6,"11,070",53025.0
3015,5,"6,970",53027.0
3016,u,"8,740",53029.0
3017,4,"2,020",53031.0
3018,75,"302,260",53033.0
3019,10,"30,540",53035.0
3020,2,"6,780",53037.0
3021,2,"1,820",53039.0
3022,9,"7,950",53041.0
3023,u,810,53043.0
3024,3,"5,640",53045.0
3025,9,"3,710",53047.0
3026,4,"1,590",53049.0
3027,2,"1,090",53051.0
3028,10,"112,350",53053.0
3029,1,"1,180",53055.0
3030,5,"13,390",53057.0
3031,1,"1,110",53059.0
3032,12,"99,790",53061.0
3033,15,"63,190",53063.0
3034,7,"3,990",53065.0
3035,5,"34,540",53067.0
3036,1,290,53069.0
3037,3,"7,230",53071.0
3038,8,"29,410",53073.0
3039,1,"9,420",53075.0
3040,17,"29,540",53077.0
3042,3,"1,890",54001.0
3043,2,"13,820",54003.0
3044,3,"2,370",54005.0
3045,4,"1,310",54007.0
3046,3,"2,360",54009.0
3047,12,"12,500",54011.0
3048,2,630,54013.0
3049,5,880,54015.0
3050,3,790,54017.0
3051,7,"4,370",54019.0
3052,4,770,54021.0
3053,3,"1,010",54023.0
3054,4,"3,230",54025.0
3055,1,"2,280",54027.0
3056,3,"2,900",54029.0
3057,3,"1,240",54031.0
3058,4,"7,500",54033.0
3059,3,"2,730",54035.0
3060,3,"6,440",54037.0
3061,13,"20,690",54039.0
3062,4,"1,540",54041.0
3063,6,"2,170",54043.0
3064,5,"3,460",54045.0
3065,5,"6,750",54047.0
3066,1,"3,190",54049.0
3067,2,"2,960",54051.0
3068,5,"1,720",54053.0
3069,5,"6,730",54055.0
3070,2,"2,890",54057.0
3071,4,"2,390",54059.0
3072,4,"17,050",54061.0
3073,5,"1,140",54063.0
3074,3,"1,590",54065.0
3075,5,"2,340",54067.0
3076,1,"4,730",54069.0
3077,3,530,54071.0
3078,2,660,54073.0
3079,6,690,54075.0
3080,5,"3,550",54077.0
3081,5,"6,060",54079.0
3082,4,"8,090",54081.0
3083,6,"2,820",54083.0
3084,1,870,54085.0
3085,1,"1,240",54087.0
3086,1,"1,340",54089.0
3087,2,"1,710",54091.0
3088,3,590,54093.0
3089,1,800,54095.0
3090,4,"2,620",54097.0
3091,3,"4,410",54099.0
3092,4,730,54101.0
3093,1,"1,410",54103.0
3094,1,570,54105.0
3095,4,"9,280",54107.0
3096,3,"2,050",54109.0
3098,2,"1,290",55001.0
3099,2,"1,460",55003.0
3100,2,"4,030",55005.0
3101,2,"1,060",55007.0
3102,3,"31,430",55009.0
3103,u,"1,130",55011.0
3104,2,"1,120",55013.0
3105,4,"5,310",55015.0
3106,7,"6,410",55017.0
3107,3,"3,110",55019.0
3108,1,"5,840",55021.0
3109,1,"1,320",55023.0
3110,5,"76,650",55025.0
3111,u,"8,520",55027.0
3112,u,"2,010",55029.0
3113,1,"4,820",55031.0
3114,2,"6,090",55033.0
3115,2,"15,140",55035.0
3116,u,330,55037.0
3117,u,"11,350",55039.0
3118,3,820,55041.0
3119,1,"6,040",55043.0
3120,u,"3,770",55045.0
3121,1,"1,570",55047.0
3122,1,"2,330",55049.0
3123,1,390,55051.0
3124,2,"1,700",55053.0
3125,u,"9,580",55055.0
3126,1,"2,170",55057.0
3127,4,"20,450",55059.0
3128,u,"1,950",55061.0
3129,1,"16,630",55063.0
3130,1,"1,520",55065.0
3131,2,"1,560",55067.0
3132,1,"2,570",55069.0
3133,1,"7,850",55071.0
3134,5,"14,410",55073.0
3135,1,"3,540",55075.0
3136,u,"1,160",55077.0
3137,1,480,55078.0
3138,19,"132,690",55079.0
3139,3,"4,350",55081.0
3140,2,"3,400",55083.0
3141,2,"2,860",55085.0
3142,1,"21,830",55087.0
3143,u,"9,140",55089.0
3144,1,610,55091.0
3145,2,"5,610",55093.0
3146,1,"3,800",55095.0
3147,1,"9,370",55097.0
3148,3,980,55099.0
3149,1,"21,690",55101.0
3150,1,"1,490",55103.0
3151,4,"18,680",55105.0
3152,2,"1,090",55107.0
3153,1,"6,780",55109.0
3154,3,"1,240",55111.0
3155,1,"3,920",55113.0
3156,2,"12,190",55115.0
3157,1,"9,690",55117.0
3158,1,"1,740",55119.0
3159,1,"2,740",55121.0
3160,1,"2,610",55123.0
3161,3,"1,420",55125.0
3162,1,"12,230",55127.0
3163,2,"1,200",55129.0
3164,1,"13,750",55131.0
3165,1,"42,080",55133.0
3166,1,"4,640",55135.0
3167,1,"1,770",55137.0
3168,1,"21,080",55139.0
3169,1,"7,370",55141.0
3171,1,"6,890",56001.0
3172,2,"1,130",56003.0
3173,1,"6,280",56005.0
3174,1,"1,530",56007.0
3175,u,"1,520",56009.0
3176,1,640,56011.0
3177,6,"4,400",56013.0
3178,1,"1,240",56015.0
3179,1,390,56017.0
3180,1,750,56019.0
3181,3,"11,790",56021.0
3182,u,"1,850",56023.0
3183,5,"10,160",56025.0
3184,1,330,56027.0
3185,1,"2,920",56029.0
3186,1,720,56031.0
3187,1,"3,310",56033.0
3188,2,970,56035.0
3189,2,"5,620",56037.0
3190,u,"3,060",56039.0
3191,1,"2,440",56041.0
3192,1,750,56043.0
3193,1,650,56045.0
