,fips,No. of clinics per 1000 women with demand
0,1001,0.2999
1,1003,0.2624
2,1005,1.2658
3,1007,2.1186
4,1009,0.3170
5,1011,1.0101
6,1013,0.4566
7,1015,0.2165
8,1017,0.2584
9,1019,0.8475
10,1021,0.5929
11,1023,1.5625
12,1025,0.3788
13,1027,1.4706
14,1029,1.3889
15,1031,0.3396
16,1033,0.3322
17,1035,1.6393
18,1037,0.9901
19,1039,0.2710
20,1041,1.4085
21,1043,0.2208
22,1045,0.3448
23,1047,0.2004
24,1049,0.6757
25,1051,0.1938
26,1053,1.3441
27,1055,0.7673
28,1057,0.6452
29,1059,0.3049
30,1061,1.0714
31,1063,2.4096
32,1065,1.1364
33,1067,1.6854
34,1069,0.1600
35,1071,1.2433
36,1073,0.1150
37,1075,1.5152
38,1077,0.2688
39,1079,0.5420
40,1081,0.0399
41,1083,0.1878
42,1085,1.7241
43,1087,0.7576
44,1089,0.0672
45,1091,0.4878
46,1093,0.3559
47,1095,0.0962
48,1097,0.3366
49,1099,0.8850
50,1101,0.2271
51,1103,0.2257
52,1105,2.5862
53,1107,0.4425
54,1109,0.3676
55,1111,0.8929
56,1113,0.2628
57,1115,0.0387
58,1117,0.1005
59,1119,1.1050
60,1121,0.3165
61,1123,0.4950
62,1125,0.1233
63,1127,0.8671
64,1129,1.1765
65,1131,1.6807
66,1133,0.4545
67,2013,16.0000
68,2016,10.6383
69,2020,0.1907
70,2050,6.9767
71,2060,9.0909
72,2068,#VALUE!
73,2070,10.1695
74,2090,0.3531
75,2100,8.6957
76,2105,25.0000
77,2110,0.9390
78,2122,2.3973
79,2130,1.2658
80,2150,3.1447
81,2164,31.5789
82,2170,0.3949
83,2180,11.2069
84,2185,9.1954
85,2188,12.5000
86,2195,9.3750
87,2201,10.0000
88,2220,3.0000
89,2232,14.2857
90,2240,2.8986
91,2261,4.0000
92,2270,8.6957
93,2280,15.0000
94,2282,60.0000
95,2290,9.4340
96,4001,2.1192
97,4003,0.7930
98,4005,0.7731
99,4007,1.0870
100,4009,0.9281
101,4011,2.7523
102,4012,1.4085
103,4013,0.1274
104,4015,0.4614
105,4017,1.2216
106,4019,0.3868
107,4021,0.4159
108,4023,0.9901
109,4025,0.2681
110,4027,0.3484
111,5001,1.0526
112,5003,1.9608
113,5005,0.2924
114,5007,0.1229
115,5009,0.2571
116,5011,0.9009
117,5013,4.0000
118,5015,0.8163
119,5017,3.0303
120,5019,0.2857
121,5021,2.0690
122,5023,0.4785
123,5025,2.2727
124,5027,0.3106
125,5029,0.4926
126,5031,0.2762
127,5033,0.4249
128,5035,0.6299
129,5037,1.6484
130,5039,1.4706
131,5041,1.6260
132,5043,0.8811
133,5045,0.1609
134,5047,0.5917
135,5049,1.0417
136,5051,0.0970
137,5053,0.9901
138,5055,0.3774
139,5057,0.4444
140,5059,0.2890
141,5061,0.7194
142,5063,0.4785
143,5065,0.9709
144,5067,1.0638
145,5069,0.6039
146,5071,0.3584
147,5073,1.6393
148,5075,0.5714
149,5077,2.6667
150,5079,1.8349
151,5081,0.7634
152,5083,1.4286
153,5085,0.7761
154,5087,1.2121
155,5089,1.6129
156,5091,0.1969
157,5093,0.5693
158,5095,4.1667
159,5097,1.4493
160,5099,1.2987
161,5101,4.4118
162,5103,0.3968
163,5105,1.9231
164,5107,0.8969
165,5109,0.9524
166,5111,1.8116
167,5113,1.1173
168,5115,0.1224
169,5117,4.1667
170,5119,0.1341
171,5121,1.1905
172,5123,0.0716
173,5125,1.0417
174,5127,3.0303
175,5129,0.1929
176,5131,#VALUE!
177,5133,1.4388
178,5135,0.7547
179,5137,0.9804
180,5139,0.2288
181,5141,2.2556
182,5143,0.1522
183,5145,0.4960
184,5147,6.3492
185,5149,0.8929
186,6001,0.2820
187,6003,11.1111
188,6005,1.4652
189,6007,0.8183
190,6009,1.6901
191,6011,2.6549
192,6013,0.2228
193,6015,3.1373
194,6017,0.4870
195,6019,0.5130
196,6021,2.3810
197,6023,1.5263
198,6025,0.7576
199,6027,3.7975
200,6029,0.5839
201,6031,1.1745
202,6033,1.6639
203,6035,1.9685
204,6037,0.2493
205,6039,0.6890
206,6041,0.5686
207,6043,2.1127
208,6045,2.7057
209,6047,0.7344
210,6049,4.0000
211,6051,0.6897
212,6053,0.4636
213,6055,0.6053
214,6057,0.8889
215,6059,0.1555
216,6061,0.2357
217,6063,4.6980
218,6065,0.1783
219,6067,0.1500
220,6069,0.8380
221,6071,0.1969
222,6073,0.2800
223,6075,0.3929
224,6077,0.3468
225,6079,0.6482
226,6081,0.1645
227,6083,0.7135
228,6085,0.2215
229,6087,0.3881
230,6089,0.8687
231,6091,10.0000
232,6093,4.3597
233,6095,0.3293
234,6097,0.5308
235,6099,0.6129
236,6101,0.6019
237,6103,1.2012
238,6105,5.0505
239,6107,0.8833
240,6109,1.0504
241,6111,0.3928
242,6113,0.2924
243,6115,0.5187
244,8001,0.2381
245,8003,1.8182
246,8005,0.0941
247,8007,0.9804
248,8009,#VALUE!
249,8011,3.0303
250,8013,0.1787
251,8014,0.1147
252,8015,0.6849
253,8017,6.2500
254,8019,#VALUE!
255,8021,3.8961
256,8023,3.5714
257,8025,#VALUE!
258,8027,#VALUE!
259,8029,0.4016
260,8031,0.3736
261,8033,5.8824
262,8035,0.1269
263,8037,0.2963
264,8039,0.2198
265,8041,0.3953
266,8043,0.5634
267,8045,0.8392
268,8047,#VALUE!
269,8049,1.3245
270,8051,0.4673
271,8053,#VALUE!
272,8055,2.1739
273,8057,#VALUE!
274,8059,0.1442
275,8061,#VALUE!
276,8063,2.8571
277,8065,0.5900
278,8067,2.3529
279,8069,0.1871
280,8071,#VALUE!
281,8073,4.3478
282,8075,0.8850
283,8077,0.1118
284,8079,#VALUE!
285,8081,0.6711
286,8083,1.1858
287,8085,0.9926
288,8087,0.6024
289,8089,1.6760
290,8091,#VALUE!
291,8093,#VALUE!
292,8095,2.4390
293,8097,0.4926
294,8099,5.0000
295,8101,0.4744
296,8103,2.7027
297,8105,0.8696
298,8107,0.6689
299,8109,4.0000
300,8111,#VALUE!
301,8113,2.3256
302,8115,4.5455
303,8117,0.9780
304,8119,1.3889
305,8121,2.2222
306,8123,0.2883
307,8125,1.0101
308,9001,0.2045
309,9003,0.1829
310,9005,0.1629
311,9007,0.2798
312,9009,0.1663
313,9011,0.4175
314,9013,0.0480
315,9015,0.6452
316,10001,0.4942
317,10003,0.2754
318,10005,0.4878
319,12001,0.1795
320,12003,0.6289
321,12005,0.0466
322,12007,0.8511
323,12009,0.1734
324,12011,0.0382
325,12013,0.7937
326,12015,0.2455
327,12017,0.4735
328,12019,0.2042
329,12021,0.3141
330,12023,0.4231
331,12027,1.2903
332,12029,1.6260
333,12031,0.1190
334,12033,0.1745
335,12035,0.3122
336,12037,3.5294
337,12039,1.2797
338,12041,2.3529
339,12043,1.9802
340,12045,2.5641
341,12047,0.9009
342,12049,1.0417
343,12051,0.6726
344,12053,0.1168
345,12055,0.3676
346,12057,0.1086
347,12059,1.1834
348,12061,0.4673
349,12063,0.2398
350,12065,0.8403
351,12067,2.9851
352,12069,0.1793
353,12071,0.1559
354,12073,0.2198
355,12075,0.8403
356,12077,4.5455
357,12079,1.1976
358,12081,0.3012
359,12083,0.3275
360,12085,0.4619
361,12086,0.1353
362,12087,0.8761
363,12089,0.3597
364,12091,0.1663
365,12093,0.7407
366,12095,0.1202
367,12097,0.2313
368,12099,0.1221
369,12101,0.1503
370,12103,0.1774
371,12105,0.1831
372,12107,0.7022
373,12109,0.2151
374,12111,0.2125
375,12113,0.0685
376,12115,0.1625
377,12117,0.2832
378,12119,0.6237
379,12121,0.8000
380,12123,2.2099
381,12125,0.9174
382,12127,0.1284
383,12129,0.6231
384,12131,0.6154
385,12133,0.4587
386,13001,1.1111
387,13003,2.2472
388,13005,1.6393
389,13007,6.2500
390,13009,0.3200
391,13011,1.0811
392,13013,0.2022
393,13015,0.1580
394,13017,1.5228
395,13019,1.0582
396,13021,0.2481
397,13023,1.2579
398,13025,0.9852
399,13027,0.6289
400,13029,0.4264
401,13031,0.1600
402,13033,0.7605
403,13035,0.8230
404,13037,4.0816
405,13039,0.4484
406,13043,1.7857
407,13045,0.1264
408,13047,0.2639
409,13049,2.0000
410,13051,0.4128
411,13053,2.5210
412,13055,0.7634
413,13057,0.1047
414,13059,0.2486
415,13061,7.1429
416,13063,0.1464
417,13065,1.2821
418,13067,0.0592
419,13069,0.5882
420,13071,0.3752
421,13073,0.0534
422,13075,0.5319
423,13077,0.1185
424,13079,0.8130
425,13081,1.1236
426,13083,1.0309
427,13085,0.4065
428,13087,0.0918
429,13089,0.3205
430,13091,1.5152
431,13093,1.6949
432,13095,0.6436
433,13097,0.0525
434,13099,1.8519
435,13101,2.1277
436,13103,0.1395
437,13105,1.0695
438,13107,1.6807
439,13109,0.9009
440,13111,0.9950
441,13113,0.0858
442,13115,0.1686
443,13117,0.0789
444,13119,0.8772
445,13121,0.1820
446,13123,1.1538
447,13125,6.6667
448,13127,0.2037
449,13129,0.1473
450,13131,0.3846
451,13133,1.4184
452,13135,0.0667
453,13137,0.3697
454,13139,0.0859
455,13141,2.7778
456,13143,0.2967
457,13145,0.2915
458,13147,0.8475
459,13149,0.7752
460,13151,0.0340
461,13153,0.1004
462,13155,3.4091
463,13157,0.5222
464,13159,0.6757
465,13161,0.6289
466,13163,2.4691
467,13165,1.1628
468,13167,2.3256
469,13169,0.9174
470,13171,0.8163
471,13173,0.7813
472,13175,0.3571
473,13177,0.5602
474,13179,0.3247
475,13181,1.2658
476,13183,0.7874
477,13185,0.1716
478,13187,0.5076
479,13189,2.4590
480,13191,0.9202
481,13193,1.1364
482,13195,0.3984
483,13197,0.7353
484,13199,1.2931
485,13201,1.6949
486,13205,0.4695
487,13207,0.6944
488,13209,2.0619
489,13211,0.5155
490,13213,0.4246
491,13215,0.1502
492,13217,0.0722
493,13219,0.2513
494,13221,1.2195
495,13223,0.0496
496,13225,0.5666
497,13227,0.3175
498,13229,0.4630
499,13231,0.9615
500,13233,0.6173
501,13235,1.3072
502,13237,0.4950
503,13239,5.5556
504,13241,1.3699
505,13243,1.3158
506,13245,0.2853
507,13247,0.1802
508,13249,5.0847
509,13251,0.6993
510,13253,1.2346
511,13255,0.1299
512,13257,0.3344
513,13259,4.8780
514,13261,1.4963
515,13263,3.5714
516,13265,7.6923
517,13267,1.3699
518,13269,2.4096
519,13271,1.6000
520,13273,2.0619
521,13275,0.1908
522,13277,0.3914
523,13279,0.6211
524,13281,0.9901
525,13283,3.0303
526,13285,0.2227
527,13287,1.2987
528,13289,2.5641
529,13291,0.6061
530,13293,0.6734
531,13295,0.3963
532,13297,0.2799
533,13299,0.7557
534,13301,4.0816
535,13303,1.5228
536,13305,0.3096
537,13307,4.3478
538,13309,1.9231
539,13311,0.7273
540,13313,0.1618
541,13315,2.9412
542,13317,1.1111
543,13319,2.2727
544,13321,0.4310
545,15001,0.6906
546,15003,0.1501
547,15005,#VALUE!
548,15007,0.3797
549,15009,0.3680
550,16001,0.1781
551,16003,3.7037
552,16005,0.6422
553,16007,3.5714
554,16009,4.0000
555,16011,0.7722
556,16013,#VALUE!
557,16015,#VALUE!
558,16017,1.2821
559,16019,0.1443
560,16021,2.8846
561,16023,4.3478
562,16025,10.0000
563,16027,0.3407
564,16029,1.5873
565,16031,0.3802
566,16033,10.0000
567,16035,5.2632
568,16037,3.1250
569,16039,0.9063
570,16041,0.6757
571,16043,1.4815
572,16045,1.1834
573,16047,#VALUE!
574,16049,1.6949
575,16051,0.9346
576,16053,0.3788
577,16055,0.2283
578,16057,0.3205
579,16059,1.7241
580,16061,6.6667
581,16063,#VALUE!
582,16065,0.2677
583,16067,0.4367
584,16069,0.6494
585,16071,2.6316
586,16073,2.5641
587,16075,1.2097
588,16077,2.6316
589,16079,2.8037
590,16081,0.7692
591,16083,0.4907
592,16085,1.2048
593,16087,1.1765
594,17001,0.2721
595,17003,4.7619
596,17005,0.5747
597,17007,0.1698
598,17009,#VALUE!
599,17011,#VALUE!
600,17013,#VALUE!
601,17015,#VALUE!
602,17017,1.5504
603,17019,0.1773
604,17021,#VALUE!
605,17023,#VALUE!
606,17025,0.7874
607,17027,#VALUE!
608,17029,0.3841
609,17031,0.2445
610,17033,#VALUE!
611,17035,#VALUE!
612,17037,0.1832
613,17039,#VALUE!
614,17041,#VALUE!
615,17043,0.0630
616,17045,#VALUE!
617,17047,1.6667
618,17049,0.5362
619,17051,0.4926
620,17053,#VALUE!
621,17055,0.5263
622,17057,0.5917
623,17059,2.0833
624,17061,#VALUE!
625,17063,#VALUE!
626,17065,#VALUE!
627,17067,0.5882
628,17069,6.4516
629,17071,3.2258
630,17073,0.4040
631,17075,#VALUE!
632,17077,0.6494
633,17079,#VALUE!
634,17081,0.2551
635,17083,0.4149
636,17085,#VALUE!
637,17087,3.0612
638,17089,0.1587
639,17091,0.1498
640,17093,0.1243
641,17095,0.3795
642,17097,0.1735
643,17099,0.0740
644,17101,0.7519
645,17103,0.3058
646,17105,0.2513
647,17107,#VALUE!
648,17109,0.3223
649,17111,0.2070
650,17113,0.1881
651,17115,0.2445
652,17117,#VALUE!
653,17119,0.7937
654,17121,0.6711
655,17123,#VALUE!
656,17125,0.0874
657,17127,0.1542
658,17129,#VALUE!
659,17131,#VALUE!
660,17133,#VALUE!
661,17135,#VALUE!
662,17137,0.5263
663,17139,#VALUE!
664,17141,#VALUE!
665,17143,0.2165
666,17145,0.5495
667,17147,#VALUE!
668,17149,0.6803
669,17151,2.8571
670,17153,3.6364
671,17155,#VALUE!
672,17157,#VALUE!
673,17159,0.6757
674,17161,0.3697
675,17163,1.2766
676,17165,0.1703
677,17167,#VALUE!
678,17169,#VALUE!
679,17171,#VALUE!
680,17173,0.3734
681,17175,#VALUE!
682,17177,0.2198
683,17179,0.0679
684,17181,1.2422
685,17183,0.1202
686,17185,0.9174
687,17187,#VALUE!
688,17189,#VALUE!
689,17191,0.6494
690,17193,2.3438
691,17195,0.1736
692,17197,0.0359
693,17199,0.5391
694,17201,0.1505
695,17203,#VALUE!
696,18001,#VALUE!
697,18003,0.0868
698,18005,0.3125
699,18007,#VALUE!
700,18009,#VALUE!
701,18011,0.1350
702,18013,#VALUE!
703,18015,0.4831
704,18017,0.2494
705,18019,0.2123
706,18021,#VALUE!
707,18023,#VALUE!
708,18025,#VALUE!
709,18027,0.2762
710,18029,#VALUE!
711,18031,#VALUE!
712,18033,0.3333
713,18035,0.3582
714,18037,0.2217
715,18039,0.2090
716,18041,#VALUE!
717,18043,0.2191
718,18045,#VALUE!
719,18047,#VALUE!
720,18049,#VALUE!
721,18051,#VALUE!
722,18053,0.1196
723,18055,#VALUE!
724,18057,0.0784
725,18059,0.1186
726,18061,0.4695
727,18063,0.0526
728,18065,0.2075
729,18067,0.1082
730,18069,#VALUE!
731,18071,0.4024
732,18073,#VALUE!
733,18075,#VALUE!
734,18077,#VALUE!
735,18079,#VALUE!
736,18081,0.1049
737,18083,0.2353
738,18085,0.1092
739,18087,0.1759
740,18089,#VALUE!
741,18091,0.2744
742,18093,#VALUE!
743,18095,0.3425
744,18097,0.2244
745,18099,#VALUE!
746,18101,#VALUE!
747,18103,0.2793
748,18105,0.0793
749,18107,#VALUE!
750,18109,#VALUE!
751,18111,#VALUE!
752,18113,#VALUE!
753,18115,#VALUE!
754,18117,#VALUE!
755,18119,0.4762
756,18121,0.5291
757,18123,#VALUE!
758,18125,0.8130
759,18127,0.2548
760,18129,#VALUE!
761,18131,#VALUE!
762,18133,0.2315
763,18135,#VALUE!
764,18137,#VALUE!
765,18139,0.6098
766,18141,0.3788
767,18143,#VALUE!
768,18145,#VALUE!
769,18147,0.1748
770,18149,#VALUE!
771,18151,#VALUE!
772,18153,#VALUE!
773,18155,#VALUE!
774,18157,0.1021
775,18159,#VALUE!
776,18161,#VALUE!
777,18163,0.3029
778,18165,1.2821
779,18167,0.2913
780,18169,#VALUE!
781,18171,#VALUE!
782,18173,0.1481
783,18175,#VALUE!
784,18177,0.2699
785,18179,#VALUE!
786,18181,0.4587
787,18183,#VALUE!
788,19001,#VALUE!
789,19003,#VALUE!
790,19005,#VALUE!
791,19007,0.9009
792,19009,#VALUE!
793,19011,0.7752
794,19013,0.2157
795,19015,0.3571
796,19017,#VALUE!
797,19019,0.5025
798,19021,0.4255
799,19023,0.7752
800,19025,#VALUE!
801,19027,0.5319
802,19029,0.8696
803,19031,#VALUE!
804,19033,0.2299
805,19035,#VALUE!
806,19037,#VALUE!
807,19039,#VALUE!
808,19041,#VALUE!
809,19043,#VALUE!
810,19045,0.3984
811,19047,0.6250
812,19049,0.1871
813,19051,#VALUE!
814,19053,2.1505
815,19055,#VALUE!
816,19057,0.4843
817,19059,#VALUE!
818,19061,0.2676
819,19063,#VALUE!
820,19065,#VALUE!
821,19067,#VALUE!
822,19069,1.0989
823,19071,#VALUE!
824,19073,#VALUE!
825,19075,#VALUE!
826,19077,#VALUE!
827,19079,#VALUE!
828,19081,#VALUE!
829,19083,#VALUE!
830,19085,0.7299
831,19087,#VALUE!
832,19089,#VALUE!
833,19091,1.1905
834,19093,#VALUE!
835,19095,#VALUE!
836,19097,0.5917
837,19099,#VALUE!
838,19101,0.5988
839,19103,0.0818
840,19105,1.0363
841,19107,1.1111
842,19109,#VALUE!
843,19111,0.5831
844,19113,0.2193
845,19115,0.9524
846,19117,#VALUE!
847,19119,#VALUE!
848,19121,#VALUE!
849,19123,0.4149
850,19125,#VALUE!
851,19127,0.4785
852,19129,#VALUE!
853,19131,#VALUE!
854,19133,2.7397
855,19135,1.4085
856,19137,#VALUE!
857,19139,0.2088
858,19141,#VALUE!
859,19143,#VALUE!
860,19145,#VALUE!
861,19147,#VALUE!
862,19149,#VALUE!
863,19151,#VALUE!
864,19153,0.1760
865,19155,0.2857
866,19157,0.4878
867,19159,#VALUE!
868,19161,#VALUE!
869,19163,0.1918
870,19165,0.9901
871,19167,0.5249
872,19169,0.1226
873,19171,1.2821
874,19173,#VALUE!
875,19175,#VALUE!
876,19177,#VALUE!
877,19179,0.5025
878,19181,#VALUE!
879,19183,#VALUE!
880,19185,#VALUE!
881,19187,0.7772
882,19189,1.0526
883,19191,0.4274
884,19193,0.1595
885,19195,#VALUE!
886,19197,0.9259
887,20001,1.6393
888,20003,1.4493
889,20005,0.4854
890,20007,2.5641
891,20009,0.7018
892,20011,0.7042
893,20013,2.3529
894,20015,0.1340
895,20017,#VALUE!
896,20019,3.7037
897,20021,1.0753
898,20023,#VALUE!
899,20025,#VALUE!
900,20027,1.4286
901,20029,1.1236
902,20031,1.2821
903,20033,6.2500
904,20035,0.5000
905,20037,0.3745
906,20039,5.0000
907,20041,#VALUE!
908,20043,1.1765
909,20045,0.1456
910,20047,3.8462
911,20049,#VALUE!
912,20051,0.4878
913,20053,2.0833
914,20055,0.4525
915,20057,0.2532
916,20059,0.7067
917,20061,0.5671
918,20063,#VALUE!
919,20065,#VALUE!
920,20067,5.0000
921,20069,1.6393
922,20071,#VALUE!
923,20073,2.1277
924,20075,#VALUE!
925,20077,2.0408
926,20079,0.7813
927,20081,2.3256
928,20083,#VALUE!
929,20085,1.4925
930,20087,#VALUE!
931,20089,#VALUE!
932,20091,0.0692
933,20093,2.2727
934,20095,1.4085
935,20097,3.8462
936,20099,0.4902
937,20101,#VALUE!
938,20103,0.1186
939,20105,4.1667
940,20107,#VALUE!
941,20109,3.8462
942,20111,0.2000
943,20113,#VALUE!
944,20115,#VALUE!
945,20117,0.3322
946,20119,2.4390
947,20121,0.6006
948,20123,1.9231
949,20125,0.6024
950,20127,2.2222
951,20129,3.7037
952,20131,#VALUE!
953,20133,0.6623
954,20135,#VALUE!
955,20137,#VALUE!
956,20139,#VALUE!
957,20141,3.2258
958,20143,1.7544
959,20145,1.8182
960,20147,2.0833
961,20149,0.7380
962,20151,1.0870
963,20153,#VALUE!
964,20155,0.3125
965,20157,2.8571
966,20159,1.0526
967,20161,0.0730
968,20163,2.1739
969,20165,#VALUE!
970,20167,1.5873
971,20169,0.3273
972,20171,#VALUE!
973,20173,0.2804
974,20175,0.7273
975,20177,0.2924
976,20179,5.0000
977,20181,1.8519
978,20183,3.8462
979,20185,2.8571
980,20187,5.5556
981,20189,#VALUE!
982,20191,0.4202
983,20193,1.0417
984,20195,4.0000
985,20197,1.5873
986,20199,#VALUE!
987,20201,2.2222
988,20203,#VALUE!
989,20205,#VALUE!
990,20207,#VALUE!
991,20209,0.0481
992,21001,0.9217
993,21003,0.4329
994,21005,0.7782
995,21007,1.2346
996,21009,0.2053
997,21011,0.7519
998,21013,0.6897
999,21015,0.1967
1000,21017,0.4651
1001,21019,0.3968
1002,21021,0.2976
1003,21023,1.1111
1004,21025,0.7519
1005,21027,0.5525
1006,21029,0.1060
1007,21031,0.7407
1008,21033,1.6129
1009,21035,0.1721
1010,21037,0.2573
1011,21039,2.1739
1012,21041,0.9259
1013,21043,0.3559
1014,21045,0.6211
1015,21047,0.3405
1016,21049,0.2494
1017,21051,0.9756
1018,21053,2.0202
1019,21055,1.1905
1020,21057,3.2258
1021,21059,0.2650
1022,21061,0.7752
1023,21063,1.6393
1024,21065,1.4493
1025,21067,0.1488
1026,21069,0.6803
1027,21071,1.6349
1028,21073,0.1647
1029,21075,3.0769
1030,21077,2.0619
1031,21079,0.5917
1032,21081,0.3546
1033,21083,0.2475
1034,21085,0.3802
1035,21087,0.9901
1036,21089,0.2703
1037,21091,1.0989
1038,21093,0.1572
1039,21095,1.8727
1040,21097,0.5405
1041,21099,0.5525
1042,21101,0.5703
1043,21103,0.5882
1044,21105,2.3256
1045,21107,0.3984
1046,21109,1.4925
1047,21111,0.1129
1048,21113,0.1534
1049,21115,0.4425
1050,21117,0.0970
1051,21119,1.2658
1052,21121,0.8403
1053,21123,0.6494
1054,21125,0.1441
1055,21127,0.6410
1056,21129,3.3898
1057,21131,1.9048
1058,21133,1.3889
1059,21135,1.4925
1060,21137,0.3745
1061,21139,1.0989
1062,21141,0.7519
1063,21143,1.8519
1064,21145,0.3026
1065,21147,1.6129
1066,21149,0.5208
1067,21151,0.3378
1068,21153,1.9802
1069,21155,1.0582
1070,21157,0.1379
1071,21159,1.8405
1072,21161,2.0619
1073,21163,0.2994
1074,21165,1.5152
1075,21167,0.4785
1076,21169,0.9615
1077,21171,3.0000
1078,21173,0.9202
1079,21175,0.8772
1080,21177,0.9967
1081,21179,0.1894
1082,21181,1.4085
1083,21183,0.4098
1084,21185,0.1520
1085,21187,2.8846
1086,21189,4.5455
1087,21191,0.6369
1088,21193,1.4599
1089,21195,0.3373
1090,21197,0.7692
1091,21199,0.1466
1092,21201,5.5556
1093,21203,0.5556
1094,21205,0.2703
1095,21207,1.7647
1096,21209,0.1422
1097,21211,0.1751
1098,21213,0.5263
1099,21215,1.0000
1100,21217,0.3356
1101,21219,0.7813
1102,21221,0.7463
1103,21223,1.0638
1104,21225,0.6494
1105,21227,0.2197
1106,21229,0.7937
1107,21231,0.5025
1108,21233,2.2901
1109,21235,0.7059
1110,21237,1.4493
1111,21239,0.3521
1112,22001,0.2649
1113,22003,0.8811
1114,22005,0.1287
1115,22007,0.3968
1116,22009,0.7009
1117,22011,0.4902
1118,22013,2.1583
1119,22015,0.1245
1120,22017,0.1876
1121,22019,0.0782
1122,22021,1.0309
1123,22023,#VALUE!
1124,22025,3.2967
1125,22027,1.5748
1126,22029,0.9756
1127,22031,0.6431
1128,22033,0.1202
1129,22035,1.5385
1130,22037,2.6316
1131,22039,0.5848
1132,22041,1.4493
1133,22043,0.8969
1134,22045,0.2270
1135,22047,0.9877
1136,22049,0.6803
1137,22051,0.2408
1138,22053,0.5900
1139,22055,0.6667
1140,22057,0.1781
1141,22059,0.1634
1142,22061,0.1258
1143,22063,0.1669
1144,22065,1.5038
1145,22067,1.7301
1146,22069,0.3683
1147,22071,0.4378
1148,22073,0.2857
1149,22075,0.3534
1150,22077,2.0747
1151,22079,0.2481
1152,22081,1.1905
1153,22083,2.6906
1154,22085,0.4310
1155,22087,0.1600
1156,22089,0.3049
1157,22091,0.8403
1158,22093,0.3937
1159,22095,0.3670
1160,22097,0.2060
1161,22099,0.3101
1162,22101,0.4967
1163,22103,0.0346
1164,22105,0.4053
1165,22107,2.5641
1166,22109,0.2867
1167,22111,0.8584
1168,22113,0.2805
1169,22115,0.2994
1170,22117,0.5871
1171,22119,0.6849
1172,22121,0.6154
1173,22123,0.9524
1174,22125,#VALUE!
1175,22127,2.2556
1176,23001,0.3997
1177,23003,2.6359
1178,23005,0.3397
1179,23007,1.2821
1180,23009,1.2121
1181,23011,0.5158
1182,23013,0.8746
1183,23015,1.0453
1184,23017,0.7737
1185,23019,0.9382
1186,23021,1.4388
1187,23023,0.5479
1188,23025,1.0616
1189,23027,0.5333
1190,23029,4.7794
1191,23031,0.2234
1192,24001,0.2528
1193,24003,0.0566
1194,24005,0.1592
1195,24009,0.0977
1196,24011,0.8671
1197,24013,0.0547
1198,24015,0.1684
1199,24017,0.1461
1200,24019,1.1268
1201,24021,0.0337
1202,24023,1.4235
1203,24025,0.0686
1204,24027,0.0507
1205,24029,0.4926
1206,24031,0.1081
1207,24033,0.0962
1208,24035,0.2028
1209,24037,0.6211
1210,24039,0.1408
1211,24041,1.4451
1212,24043,0.2451
1213,24045,0.5544
1214,24047,0.6289
1215,24510,0.4409
1216,25001,0.5420
1217,25003,0.4386
1218,25005,0.1018
1219,25007,1.1628
1220,25009,0.3845
1221,25011,0.4027
1222,25013,0.2372
1223,25015,0.1898
1224,25017,0.0968
1225,25019,0.8264
1226,25021,0.0797
1227,25023,0.1385
1228,25025,0.6127
1229,25027,0.2376
1230,26001,3.2258
1231,26003,3.3898
1232,26005,0.1619
1233,26007,1.0989
1234,26009,1.6760
1235,26011,1.6393
1236,26013,3.2787
1237,26015,0.1645
1238,26017,0.2639
1239,26019,1.2579
1240,26021,0.4813
1241,26023,#VALUE!
1242,26025,0.1940
1243,26027,0.3968
1244,26029,0.9174
1245,26031,1.4925
1246,26033,1.2755
1247,26035,0.3876
1248,26037,0.1152
1249,26039,0.9259
1250,26041,0.5952
1251,26043,0.4184
1252,26045,0.0805
1253,26047,0.9740
1254,26049,0.1888
1255,26051,1.0309
1256,26053,1.8018
1257,26055,0.4990
1258,26057,0.2370
1259,26059,0.2053
1260,26061,1.1990
1261,26063,0.7968
1262,26065,0.1332
1263,26067,0.1531
1264,26069,1.0811
1265,26071,2.6316
1266,26073,0.2364
1267,26075,0.3521
1268,26077,0.1338
1269,26079,0.5988
1270,26081,0.1654
1271,26083,#VALUE!
1272,26085,1.2195
1273,26087,0.1131
1274,26089,1.1494
1275,26091,0.1953
1276,26093,0.0508
1277,26095,2.3810
1278,26097,2.4390
1279,26099,0.1170
1280,26101,1.6216
1281,26103,0.4796
1282,26105,0.3731
1283,26107,0.3584
1284,26109,1.4634
1285,26111,0.1072
1286,26113,1.3793
1287,26115,0.2460
1288,26117,0.3091
1289,26119,4.9180
1290,26121,0.2050
1291,26123,0.9132
1292,26125,0.0682
1293,26127,0.8658
1294,26129,1.1905
1295,26131,9.0909
1296,26133,0.4808
1297,26135,1.5625
1298,26137,0.4310
1299,26139,0.1099
1300,26141,3.4483
1301,26143,2.5478
1302,26145,0.4966
1303,26147,0.2786
1304,26149,3.2787
1305,26151,0.1359
1306,26153,0.1195
1307,26155,#VALUE!
1308,26157,0.2062
1309,26159,0.1287
1310,26161,0.1085
1311,26163,0.1624
1312,26165,0.5900
1313,27001,#VALUE!
1314,27003,0.0248
1315,27005,0.9772
1316,27007,0.3472
1317,27009,#VALUE!
1318,27011,#VALUE!
1319,27013,0.2896
1320,27015,0.3817
1321,27017,0.8696
1322,27019,#VALUE!
1323,27021,1.6667
1324,27023,#VALUE!
1325,27025,0.3546
1326,27027,0.2208
1327,27029,#VALUE!
1328,27031,7.1429
1329,27033,#VALUE!
1330,27035,#VALUE!
1331,27037,0.0200
1332,27039,0.4329
1333,27041,0.2681
1334,27043,#VALUE!
1335,27045,#VALUE!
1336,27047,#VALUE!
1337,27049,0.2165
1338,27051,#VALUE!
1339,27053,0.1740
1340,27055,#VALUE!
1341,27057,#VALUE!
1342,27059,0.2364
1343,27061,1.0724
1344,27063,#VALUE!
1345,27065,0.7092
1346,27067,0.2242
1347,27069,#VALUE!
1348,27071,2.8846
1349,27073,#VALUE!
1350,27075,1.2195
1351,27077,#VALUE!
1352,27079,#VALUE!
1353,27081,#VALUE!
1354,27083,0.6536
1355,27085,3.9216
1356,27087,#VALUE!
1357,27089,#VALUE!
1358,27091,0.2611
1359,27093,#VALUE!
1360,27095,0.3802
1361,27097,#VALUE!
1362,27099,0.2392
1363,27101,#VALUE!
1364,27103,#VALUE!
1365,27105,0.8584
1366,27107,1.7544
1367,27109,0.0534
1368,27111,0.3914
1369,27113,#VALUE!
1370,27115,0.4274
1371,27117,#VALUE!
1372,27119,0.2933
1373,27121,#VALUE!
1374,27123,0.2135
1375,27125,2.9412
1376,27127,#VALUE!
1377,27129,#VALUE!
1378,27131,0.1256
1379,27133,#VALUE!
1380,27135,#VALUE!
1381,27137,0.0587
1382,27139,#VALUE!
1383,27141,#VALUE!
1384,27143,0.7653
1385,27145,0.0494
1386,27147,#VALUE!
1387,27149,1.6000
1388,27151,#VALUE!
1389,27153,0.4808
1390,27155,#VALUE!
1391,27157,0.4739
1392,27159,0.8065
1393,27161,#VALUE!
1394,27163,#VALUE!
1395,27165,0.9804
1396,27167,#VALUE!
1397,27169,0.1348
1398,27171,#VALUE!
1399,27173,#VALUE!
1400,28001,0.9288
1401,28003,0.4728
1402,28005,1.6667
1403,28007,0.5236
1404,28009,1.1111
1405,28011,1.1521
1406,28013,1.3699
1407,28015,1.0204
1408,28017,1.6304
1409,28019,1.2658
1410,28021,1.4599
1411,28023,0.5435
1412,28025,0.4464
1413,28027,0.9434
1414,28029,0.8721
1415,28031,0.9434
1416,28033,0.0873
1417,28035,0.8532
1418,28037,2.7027
1419,28039,0.4032
1420,28041,0.8130
1421,28043,0.7968
1422,28045,0.3976
1423,28047,0.3490
1424,28049,0.5149
1425,28051,0.9217
1426,28053,2.1739
1427,28055,#VALUE!
1428,28057,0.7273
1429,28059,0.2313
1430,28061,1.0989
1431,28063,3.7975
1432,28065,1.6949
1433,28067,0.2500
1434,28069,3.5398
1435,28071,0.1093
1436,28073,0.3593
1437,28075,0.2155
1438,28077,2.2556
1439,28079,0.8658
1440,28081,0.0946
1441,28083,0.5013
1442,28085,0.7335
1443,28087,0.1295
1444,28089,0.2918
1445,28091,0.7634
1446,28093,0.7264
1447,28095,0.8108
1448,28097,1.9417
1449,28099,1.2422
1450,28101,0.8299
1451,28103,1.5873
1452,28105,0.2179
1453,28107,0.5168
1454,28109,0.3273
1455,28111,2.1898
1456,28113,0.6316
1457,28115,0.2710
1458,28117,0.7273
1459,28119,2.4390
1460,28121,0.2552
1461,28123,0.9740
1462,28125,2.1277
1463,28127,0.6390
1464,28129,1.8519
1465,28131,0.4975
1466,28133,1.3201
1467,28135,0.7407
1468,28137,0.5666
1469,28139,1.2552
1470,28141,0.5155
1471,28143,2.1277
1472,28145,0.3236
1473,28147,1.3158
1474,28149,0.6969
1475,28151,0.8503
1476,28153,0.4425
1477,28155,1.0101
1478,28157,1.2658
1479,28159,1.0811
1480,28161,0.7576
1481,28163,1.0417
1482,29001,0.6897
1483,29003,0.5348
1484,29005,2.1277
1485,29007,0.8451
1486,29009,1.5432
1487,29011,1.8018
1488,29013,1.1834
1489,29015,1.5385
1490,29017,0.8065
1491,29019,0.1708
1492,29021,0.3795
1493,29023,0.4274
1494,29025,3.3708
1495,29027,0.3738
1496,29029,1.1080
1497,29031,0.1903
1498,29033,2.3810
1499,29035,3.3898
1500,29037,0.4337
1501,29039,#VALUE!
1502,29041,6.3492
1503,29043,#VALUE!
1504,29045,1.5625
1505,29047,0.1325
1506,29049,#VALUE!
1507,29051,0.2301
1508,29053,#VALUE!
1509,29055,#VALUE!
1510,29057,1.6393
1511,29059,0.6369
1512,29061,#VALUE!
1513,29063,#VALUE!
1514,29065,#VALUE!
1515,29067,0.9346
1516,29069,0.2976
1517,29071,0.3604
1518,29073,#VALUE!
1519,29075,1.5873
1520,29077,0.1274
1521,29079,1.0101
1522,29081,2.7027
1523,29083,1.0101
1524,29085,3.1250
1525,29087,5.4054
1526,29089,0.9091
1527,29091,0.6977
1528,29093,2.2222
1529,29095,0.1441
1530,29097,0.2033
1531,29099,0.1168
1532,29101,0.1261
1533,29103,2.9412
1534,29105,0.2611
1535,29107,0.8824
1536,29109,0.2695
1537,29111,0.8621
1538,29113,#VALUE!
1539,29115,0.8850
1540,29117,0.5128
1541,29119,0.7634
1542,29121,0.8333
1543,29123,#VALUE!
1544,29125,0.6098
1545,29127,0.8299
1546,29129,#VALUE!
1547,29131,0.8197
1548,29133,1.6129
1549,29135,0.6135
1550,29137,1.3699
1551,29139,#VALUE!
1552,29141,1.1628
1553,29143,1.6854
1554,29145,0.3221
1555,29147,#VALUE!
1556,29149,1.0870
1557,29151,#VALUE!
1558,29153,1.4493
1559,29155,1.0811
1560,29157,0.5155
1561,29159,0.4098
1562,29161,0.5725
1563,29163,0.6289
1564,29165,0.0829
1565,29167,0.2618
1566,29169,#VALUE!
1567,29171,2.4390
1568,29173,1.0204
1569,29175,0.3717
1570,29177,0.4274
1571,29179,1.9231
1572,29181,0.7634
1573,29183,0.7605
1574,29185,#VALUE!
1575,29186,#VALUE!
1576,29187,0.4619
1577,29189,1.4286
1578,29195,#VALUE!
1579,29197,0.0634
1580,29199,4.1096
1581,29201,0.1445
1582,29203,0.1318
1583,29205,#VALUE!
1584,29207,1.0453
1585,29209,1.2097
1586,29211,1.7241
1587,29213,0.4862
1588,29215,0.9217
1589,29217,0.9346
1590,29219,0.5602
1591,29221,0.4202
1592,29223,#VALUE!
1593,29225,0.7444
1594,29227,#VALUE!
1595,29229,1.8182
1596,29510,0.1870
1597,30001,2.8846
1598,30003,2.8571
1599,30005,4.4118
1600,30007,#VALUE!
1601,30009,2.1277
1602,30011,#VALUE!
1603,30013,0.3195
1604,30015,#VALUE!
1605,30017,0.8264
1606,30019,#VALUE!
1607,30021,1.0989
1608,30023,2.6316
1609,30025,3.3333
1610,30027,2.0408
1611,30029,0.3781
1612,30031,0.2616
1613,30033,#VALUE!
1614,30035,1.3333
1615,30037,#VALUE!
1616,30039,#VALUE!
1617,30041,1.6667
1618,30043,#VALUE!
1619,30045,#VALUE!
1620,30047,2.1661
1621,30049,0.5319
1622,30051,#VALUE!
1623,30053,1.4085
1624,30055,3.4483
1625,30057,#VALUE!
1626,30059,#VALUE!
1627,30061,3.4483
1628,30063,0.3007
1629,30065,#VALUE!
1630,30067,0.6757
1631,30069,#VALUE!
1632,30071,#VALUE!
1633,30073,3.3898
1634,30075,7.6923
1635,30077,#VALUE!
1636,30079,#VALUE!
1637,30081,0.2907
1638,30083,1.6529
1639,30085,4.0984
1640,30087,4.3956
1641,30089,#VALUE!
1642,30091,#VALUE!
1643,30093,0.7614
1644,30095,#VALUE!
1645,30097,#VALUE!
1646,30099,#VALUE!
1647,30101,5.1282
1648,30103,20.0000
1649,30105,2.9851
1650,30107,#VALUE!
1651,30109,#VALUE!
1652,30111,0.3145
1653,31001,0.2849
1654,31003,4.0000
1655,31005,#VALUE!
1656,31007,#VALUE!
1657,31009,#VALUE!
1658,31011,#VALUE!
1659,31013,0.9259
1660,31015,#VALUE!
1661,31017,#VALUE!
1662,31019,0.1477
1663,31021,#VALUE!
1664,31023,#VALUE!
1665,31025,0.3922
1666,31027,#VALUE!
1667,31029,#VALUE!
1668,31031,#VALUE!
1669,31033,#VALUE!
1670,31035,#VALUE!
1671,31037,#VALUE!
1672,31039,#VALUE!
1673,31041,#VALUE!
1674,31043,0.4219
1675,31045,0.8403
1676,31047,0.3906
1677,31049,#VALUE!
1678,31051,#VALUE!
1679,31053,0.5051
1680,31055,0.2744
1681,31057,#VALUE!
1682,31059,#VALUE!
1683,31061,#VALUE!
1684,31063,#VALUE!
1685,31065,#VALUE!
1686,31067,0.4762
1687,31069,#VALUE!
1688,31071,#VALUE!
1689,31073,#VALUE!
1690,31075,#VALUE!
1691,31077,#VALUE!
1692,31079,0.1422
1693,31081,#VALUE!
1694,31083,#VALUE!
1695,31085,#VALUE!
1696,31087,#VALUE!
1697,31089,#VALUE!
1698,31091,#VALUE!
1699,31093,#VALUE!
1700,31095,#VALUE!
1701,31097,2.8571
1702,31099,#VALUE!
1703,31101,#VALUE!
1704,31103,#VALUE!
1705,31105,#VALUE!
1706,31107,3.0303
1707,31109,0.0694
1708,31111,0.2639
1709,31113,#VALUE!
1710,31115,#VALUE!
1711,31117,0.5013
1712,31119,#VALUE!
1713,31121,#VALUE!
1714,31123,#VALUE!
1715,31125,#VALUE!
1716,31127,1.3514
1717,31129,#VALUE!
1718,31131,#VALUE!
1719,31133,#VALUE!
1720,31135,#VALUE!
1721,31137,#VALUE!
1722,31139,#VALUE!
1723,31141,0.5764
1724,31143,#VALUE!
1725,31145,0.9524
1726,31147,1.4925
1727,31149,#VALUE!
1728,31151,0.6579
1729,31153,0.0439
1730,31155,#VALUE!
1731,31157,0.5013
1732,31159,#VALUE!
1733,31161,2.3256
1734,31163,#VALUE!
1735,31165,#VALUE!
1736,31167,#VALUE!
1737,31169,2.5641
1738,31171,#VALUE!
1739,31173,4.0541
1740,31175,#VALUE!
1741,31177,#VALUE!
1742,31179,#VALUE!
1743,31181,#VALUE!
1744,31183,#VALUE!
1745,31185,#VALUE!
1746,32001,0.7722
1747,32003,0.0575
1748,32005,0.7353
1749,32007,0.7752
1750,32009,#VALUE!
1751,32011,10.5263
1752,32013,1.0526
1753,32015,5.0847
1754,32017,2.2727
1755,32019,0.7519
1756,32021,5.0000
1757,32023,0.8671
1758,32027,4.4444
1759,32029,3.4483
1760,32031,0.1601
1761,32033,2.4691
1762,32510,0.3630
1763,33001,0.3263
1764,33003,0.5277
1765,33005,0.1085
1766,33007,1.7730
1767,33009,0.6404
1768,33011,0.1827
1769,33013,0.2338
1770,33015,0.1787
1771,33017,0.0551
1772,33019,0.4525
1773,34001,0.1888
1774,34003,0.0535
1775,34005,0.0770
1776,34007,0.1565
1777,34009,0.4430
1778,34011,0.3450
1779,34013,0.1435
1780,34015,0.0847
1781,34017,0.1352
1782,34019,0.0794
1783,34021,0.1673
1784,34023,0.0722
1785,34025,0.1007
1786,34027,0.1053
1787,34029,0.1492
1788,34031,0.0618
1789,34033,0.2853
1790,34035,0.0254
1791,34037,0.0655
1792,34039,0.0581
1793,34041,0.1698
1794,35001,0.4920
1795,35003,10.5263
1796,35005,0.5236
1797,35006,1.3115
1798,35007,2.0202
1799,35009,0.4673
1800,35011,13.3333
1801,35013,0.7821
1802,35015,0.7364
1803,35017,3.0534
1804,35019,5.7143
1805,35021,50.0000
1806,35023,8.1081
1807,35025,0.3542
1808,35027,0.6757
1809,35028,0.5556
1810,35029,2.0000
1811,35031,1.2513
1812,35033,10.8108
1813,35035,0.8054
1814,35037,2.7778
1815,35039,2.5701
1816,35041,1.4652
1817,35043,0.9475
1818,35045,1.9802
1819,35047,1.1166
1820,35049,1.2410
1821,35051,2.8169
1822,35053,3.0303
1823,35055,3.6545
1824,35057,3.5714
1825,35059,3.1250
1826,35061,0.4860
1827,36001,0.0686
1828,36003,0.9615
1829,36005,0.3900
1830,36007,0.3340
1831,36009,0.7117
1832,36011,0.6017
1833,36013,0.2831
1834,36015,0.1038
1835,36017,0.4301
1836,36019,0.2014
1837,36021,0.3333
1838,36023,0.8824
1839,36025,0.4762
1840,36027,0.2588
1841,36029,0.1143
1842,36031,1.2195
1843,36033,0.8016
1844,36035,0.1733
1845,36037,0.1590
1846,36039,0.2342
1847,36041,3.0303
1848,36043,#VALUE!
1849,36045,0.5610
1850,36047,0.1708
1851,36049,0.7547
1852,36051,0.5051
1853,36053,0.2345
1854,36055,0.2201
1855,36057,0.1842
1856,36059,0.1059
1857,36061,0.2293
1858,36063,0.2080
1859,36065,0.0774
1860,36067,0.2381
1861,36069,0.2471
1862,36071,0.3339
1863,36073,0.4348
1864,36075,1.0784
1865,36077,0.3827
1866,36079,0.1867
1867,36081,0.1185
1868,36083,0.1011
1869,36085,0.1685
1870,36087,0.1856
1871,36089,0.0765
1872,36091,0.1059
1873,36093,0.5848
1874,36095,0.5780
1875,36097,0.5618
1876,36099,0.3046
1877,36101,0.3839
1878,36103,0.0914
1879,36105,0.4104
1880,36107,0.5941
1881,36109,0.0566
1882,36111,0.3467
1883,36113,1.4728
1884,36115,0.3195
1885,36117,0.3125
1886,36119,0.2160
1887,36121,0.8043
1888,36123,1.0345
1889,37001,0.2064
1890,37003,0.2703
1891,37005,2.3529
1892,37007,0.8130
1893,37009,0.9174
1894,37011,1.3072
1895,37013,0.6186
1896,37015,1.7544
1897,37017,0.5952
1898,37019,0.1832
1899,37021,0.1292
1900,37023,0.2165
1901,37025,0.1213
1902,37027,0.3501
1903,37029,0.9259
1904,37031,0.1511
1905,37033,1.5385
1906,37035,0.1146
1907,37037,0.4573
1908,37039,0.8811
1909,37041,0.7519
1910,37043,1.1905
1911,37045,0.0901
1912,37047,1.4134
1913,37049,0.1645
1914,37051,0.1286
1915,37053,0.3759
1916,37055,0.5900
1917,37057,0.2246
1918,37059,0.2398
1919,37061,2.0443
1920,37063,0.2168
1921,37065,0.7874
1922,37067,0.1066
1923,37069,0.2903
1924,37071,0.2693
1925,37073,1.7391
1926,37075,2.5316
1927,37077,0.1610
1928,37079,0.5319
1929,37081,0.0707
1930,37083,0.3559
1931,37085,0.2364
1932,37087,0.3311
1933,37089,0.5505
1934,37091,1.6260
1935,37093,0.1368
1936,37095,4.8780
1937,37097,0.1527
1938,37099,0.1706
1939,37101,0.1348
1940,37103,2.1277
1941,37105,0.1449
1942,37107,0.3241
1943,37109,0.2328
1944,37111,0.6969
1945,37113,0.4255
1946,37115,0.9217
1947,37117,0.2146
1948,37119,0.0518
1949,37121,2.3810
1950,37123,0.7491
1951,37125,0.2083
1952,37127,0.1857
1953,37129,0.1308
1954,37131,0.5405
1955,37133,0.0762
1956,37135,0.2262
1957,37137,0.9524
1958,37139,0.2083
1959,37141,0.1621
1960,37143,0.8264
1961,37145,0.4751
1962,37147,0.1048
1963,37149,1.3158
1964,37151,0.1277
1965,37153,0.1934
1966,37155,0.2987
1967,37157,0.2068
1968,37159,0.1252
1969,37161,0.2890
1970,37163,1.1129
1971,37165,0.5063
1972,37167,0.1543
1973,37169,0.2141
1974,37171,0.1357
1975,37173,2.5974
1976,37175,0.6515
1977,37177,2.8571
1978,37179,0.0768
1979,37181,0.1953
1980,37183,0.0690
1981,37185,0.5848
1982,37187,1.8349
1983,37189,0.2268
1984,37191,0.4079
1985,37193,0.1468
1986,37195,0.3125
1987,37197,0.2604
1988,37199,0.6623
1989,38001,#VALUE!
1990,38003,1.8868
1991,38005,1.5385
1992,38007,#VALUE!
1993,38009,#VALUE!
1994,38011,#VALUE!
1995,38013,#VALUE!
1996,38015,0.0873
1997,38017,0.1874
1998,38019,#VALUE!
1999,38021,#VALUE!
2000,38023,5.5556
2001,38025,4.8780
2002,38027,#VALUE!
2003,38029,#VALUE!
2004,38031,3.4483
2005,38033,#VALUE!
2006,38035,0.2712
2007,38037,#VALUE!
2008,38039,#VALUE!
2009,38041,#VALUE!
2010,38043,#VALUE!
2011,38045,#VALUE!
2012,38047,#VALUE!
2013,38049,#VALUE!
2014,38051,#VALUE!
2015,38053,0.7042
2016,38055,1.2195
2017,38057,2.7027
2018,38059,#VALUE!
2019,38061,5.6075
2020,38063,#VALUE!
2021,38065,6.2500
2022,38067,#VALUE!
2023,38069,#VALUE!
2024,38071,0.9009
2025,38073,2.1739
2026,38075,#VALUE!
2027,38077,0.5291
2028,38079,2.5974
2029,38081,#VALUE!
2030,38083,11.1111
2031,38085,3.7037
2032,38087,#VALUE!
2033,38089,0.2611
2034,38091,#VALUE!
2035,38093,0.4405
2036,38095,#VALUE!
2037,38097,#VALUE!
2038,38099,#VALUE!
2039,38101,0.1064
2040,38103,#VALUE!
2041,38105,0.4739
2042,39001,1.4599
2043,39003,0.3460
2044,39005,0.1653
2045,39007,0.2016
2046,39009,0.2674
2047,39011,#VALUE!
2048,39013,0.5988
2049,39015,0.8696
2050,39017,0.0842
2051,39019,0.3690
2052,39021,0.2445
2053,39023,0.2667
2054,39025,0.1738
2055,39027,0.6383
2056,39029,0.1955
2057,39031,0.5222
2058,39033,#VALUE!
2059,39035,0.1685
2060,39037,0.7619
2061,39039,0.4751
2062,39041,0.1337
2063,39043,0.2548
2064,39045,0.4709
2065,39047,0.6309
2066,39049,0.1247
2067,39051,0.2212
2068,39053,0.3067
2069,39055,0.1111
2070,39057,0.0486
2071,39059,0.4831
2072,39061,0.4013
2073,39063,0.1119
2074,39065,0.5305
2075,39067,2.1583
2076,39069,0.7380
2077,39071,0.9346
2078,39073,0.3378
2079,39075,0.2070
2080,39077,0.3195
2081,39079,0.2755
2082,39081,0.4093
2083,39083,0.1408
2084,39085,0.0405
2085,39087,1.1976
2086,39089,0.0512
2087,39091,0.4158
2088,39093,0.2091
2089,39095,0.2621
2090,39097,0.4608
2091,39099,0.0807
2092,39101,0.1517
2093,39103,0.0529
2094,39105,0.8969
2095,39107,#VALUE!
2096,39109,0.0881
2097,39111,0.8000
2098,39113,0.1870
2099,39115,#VALUE!
2100,39117,#VALUE!
2101,39119,0.2024
2102,39121,0.9091
2103,39123,0.2725
2104,39125,#VALUE!
2105,39127,0.5128
2106,39129,0.3257
2107,39131,0.7117
2108,39133,0.0920
2109,39135,0.2513
2110,39137,#VALUE!
2111,39139,0.8987
2112,39141,0.1259
2113,39143,0.9464
2114,39145,0.4711
2115,39147,0.3252
2116,39149,#VALUE!
2117,39151,0.1684
2118,39153,0.0787
2119,39155,0.0954
2120,39157,0.1032
2121,39159,0.2660
2122,39161,0.3333
2123,39163,0.7874
2124,39165,0.1205
2125,39167,#VALUE!
2126,39169,0.0765
2127,39171,0.5650
2128,39173,0.1097
2129,39175,0.4739
2130,40001,1.6949
2131,40003,2.2727
2132,40005,1.5267
2133,40007,3.9216
2134,40009,0.8439
2135,40011,2.2222
2136,40013,0.3559
2137,40015,1.4599
2138,40017,0.2332
2139,40019,0.5376
2140,40021,0.9174
2141,40023,2.0690
2142,40025,#VALUE!
2143,40027,0.2259
2144,40029,3.5088
2145,40031,0.2530
2146,40033,1.6949
2147,40035,1.5385
2148,40037,0.5155
2149,40039,0.9756
2150,40041,0.5391
2151,40043,#VALUE!
2152,40045,#VALUE!
2153,40047,0.2821
2154,40049,1.0601
2155,40051,0.1618
2156,40053,5.1282
2157,40055,2.1277
2158,40057,4.0000
2159,40059,6.0606
2160,40061,2.5000
2161,40063,1.7094
2162,40065,0.3226
2163,40067,1.8519
2164,40069,2.5862
2165,40071,1.2346
2166,40073,0.6369
2167,40075,1.1905
2168,40077,1.8349
2169,40079,0.9276
2170,40081,0.2667
2171,40083,0.3643
2172,40085,0.9709
2173,40087,1.4085
2174,40089,0.6803
2175,40091,0.4866
2176,40093,0.6897
2177,40095,1.4881
2178,40097,2.9070
2179,40099,0.7246
2180,40101,0.4860
2181,40103,0.9346
2182,40105,1.9608
2183,40107,1.8519
2184,40109,0.1353
2185,40111,1.1390
2186,40113,1.6563
2187,40115,0.8451
2188,40117,1.7544
2189,40119,0.2222
2190,40121,0.6652
2191,40123,0.8097
2192,40125,0.4338
2193,40127,2.0619
2194,40129,#VALUE!
2195,40131,0.2860
2196,40133,1.9608
2197,40135,0.6522
2198,40137,0.2096
2199,40139,0.4132
2200,40141,1.4925
2201,40143,0.1086
2202,40145,0.4499
2203,40147,0.6897
2204,40149,#VALUE!
2205,40151,0.9615
2206,40153,0.4425
2207,41001,0.7634
2208,41003,0.3663
2209,41005,0.2540
2210,41007,0.4831
2211,41009,0.7394
2212,41011,0.9646
2213,41013,1.3953
2214,41015,1.7341
2215,41017,0.6391
2216,41019,1.0466
2217,41021,#VALUE!
2218,41023,1.8182
2219,41025,1.5152
2220,41027,1.1450
2221,41029,0.7950
2222,41031,1.3953
2223,41033,0.6219
2224,41035,0.8487
2225,41037,4.9180
2226,41039,0.2552
2227,41041,1.6667
2228,41043,0.1414
2229,41045,1.3423
2230,41047,0.1707
2231,41049,2.5000
2232,41051,0.3386
2233,41053,0.3791
2234,41055,#VALUE!
2235,41057,1.8265
2236,41059,0.4779
2237,41061,0.6494
2238,41063,3.6364
2239,41065,0.7117
2240,41067,0.1144
2241,41069,12.5000
2242,41071,0.3962
2243,42001,0.1795
2244,42003,0.2723
2245,42005,0.1527
2246,42007,0.2245
2247,42009,0.6865
2248,42011,0.1431
2249,42013,0.1484
2250,42015,0.1631
2251,42017,0.0724
2252,42019,0.2435
2253,42021,0.2137
2254,42023,2.5641
2255,42025,#VALUE!
2256,42027,0.0407
2257,42029,0.0663
2258,42031,0.6623
2259,42033,0.3871
2260,42035,#VALUE!
2261,42037,0.1121
2262,42039,0.2103
2263,42041,0.0999
2264,42043,0.0891
2265,42045,0.1128
2266,42047,0.3802
2267,42049,0.1817
2268,42051,0.3674
2269,42053,#VALUE!
2270,42055,0.3480
2271,42057,1.4599
2272,42059,1.3587
2273,42061,0.2217
2274,42063,0.2775
2275,42065,0.2375
2276,42067,#VALUE!
2277,42069,0.2460
2278,42071,0.1235
2279,42073,0.2157
2280,42075,0.1921
2281,42077,0.1132
2282,42079,0.1996
2283,42081,0.0760
2284,42083,#VALUE!
2285,42085,0.9992
2286,42087,0.4211
2287,42089,0.1031
2288,42091,0.0722
2289,42093,#VALUE!
2290,42095,0.0570
2291,42097,0.1056
2292,42099,#VALUE!
2293,42101,0.3176
2294,42103,#VALUE!
2295,42105,#VALUE!
2296,42107,0.1400
2297,42109,0.2075
2298,42111,0.1427
2299,42113,#VALUE!
2300,42115,0.8403
2301,42117,1.4151
2302,42119,0.2033
2303,42121,0.1938
2304,42123,0.2625
2305,42125,0.3106
2306,42127,0.9615
2307,42129,0.1109
2308,42131,1.0204
2309,42133,0.1565
2310,44001,#VALUE!
2311,44003,0.4246
2312,44005,0.1075
2313,44007,0.3036
2314,44009,0.2656
2315,45001,0.7435
2316,45003,0.2592
2317,45005,2.5000
2318,45007,0.0884
2319,45009,1.2739
2320,45011,1.3100
2321,45013,0.1605
2322,45015,0.1489
2323,45017,1.3333
2324,45019,0.1660
2325,45021,0.2894
2326,45023,0.5525
2327,45025,1.0395
2328,45027,0.9404
2329,45029,0.5208
2330,45031,0.6297
2331,45033,0.2899
2332,45035,0.1532
2333,45037,0.3953
2334,45039,2.8226
2335,45041,0.4497
2336,45043,1.0292
2337,45045,0.0796
2338,45047,0.5624
2339,45049,1.0050
2340,45051,0.2856
2341,45053,1.2903
2342,45055,0.5587
2343,45057,0.1017
2344,45059,0.2564
2345,45061,1.7857
2346,45063,0.1723
2347,45065,0.5797
2348,45067,1.7986
2349,45069,5.1724
2350,45071,0.7177
2351,45073,0.1323
2352,45075,0.6481
2353,45077,0.1840
2354,45079,0.1928
2355,45081,1.4563
2356,45083,0.1871
2357,45085,0.3771
2358,45087,0.3279
2359,45089,0.9404
2360,45091,0.1235
2361,46003,8.6957
2362,46005,1.0929
2363,46007,5.1282
2364,46009,2.2222
2365,46011,0.1776
2366,46013,0.4292
2367,46015,4.1667
2368,46017,8.6957
2369,46019,#VALUE!
2370,46021,#VALUE!
2371,46023,2.2989
2372,46025,#VALUE!
2373,46027,0.3745
2374,46029,0.3195
2375,46031,6.9767
2376,46033,1.5385
2377,46035,0.4505
2378,46037,#VALUE!
2379,46039,#VALUE!
2380,46041,8.0645
2381,46043,4.3478
2382,46045,#VALUE!
2383,46047,1.9608
2384,46049,#VALUE!
2385,46051,1.6667
2386,46053,3.3333
2387,46055,6.6667
2388,46057,1.8519
2389,46059,4.0000
2390,46061,#VALUE!
2391,46063,#VALUE!
2392,46065,0.9901
2393,46067,#VALUE!
2394,46069,9.0909
2395,46071,5.8824
2396,46073,14.2857
2397,46075,12.5000
2398,46077,4.6512
2399,46079,0.9091
2400,46081,0.3378
2401,46083,0.2874
2402,46085,5.2632
2403,46087,#VALUE!
2404,46089,#VALUE!
2405,46091,#VALUE!
2406,46093,0.6309
2407,46095,4.7619
2408,46097,16.6667
2409,46099,0.2119
2410,46101,3.5088
2411,46103,0.4930
2412,46105,8.0000
2413,46107,5.8824
2414,46109,2.0833
2415,46111,5.2632
2416,46113,#VALUE!
2417,46115,1.6949
2418,46117,3.7037
2419,46119,7.6923
2420,46121,0.8475
2421,46123,2.1277
2422,46125,#VALUE!
2423,46127,1.2658
2424,46129,2.0833
2425,46135,0.4329
2426,46137,3.2258
2427,47001,0.2475
2428,47003,0.1792
2429,47005,0.7299
2430,47007,1.7094
2431,47009,0.2141
2432,47011,0.1582
2433,47013,0.7042
2434,47015,1.3423
2435,47017,0.3623
2436,47019,0.5000
2437,47021,0.2237
2438,47023,0.8584
2439,47025,0.8902
2440,47027,3.0303
2441,47029,1.6216
2442,47031,0.3273
2443,47033,0.6289
2444,47035,0.3906
2445,47037,0.1600
2446,47039,0.9615
2447,47041,1.0582
2448,47043,0.3367
2449,47045,0.2268
2450,47047,0.4914
2451,47049,1.2270
2452,47051,0.2075
2453,47053,0.5780
2454,47055,0.3436
2455,47057,1.7467
2456,47059,0.2809
2457,47061,2.3438
2458,47063,0.2911
2459,47065,0.2439
2460,47067,3.1746
2461,47069,0.9009
2462,47071,2.1097
2463,47073,1.1905
2464,47075,1.0417
2465,47077,0.3509
2466,47079,0.3205
2467,47081,0.7843
2468,47083,1.3158
2469,47085,0.5814
2470,47087,1.8018
2471,47089,0.5146
2472,47091,1.4388
2473,47093,0.1653
2474,47095,6.1224
2475,47097,0.7353
2476,47099,0.2123
2477,47101,1.7857
2478,47103,0.3145
2479,47105,0.4211
2480,47107,0.7220
2481,47109,0.0806
2482,47111,0.3322
2483,47113,0.5405
2484,47115,0.1847
2485,47117,0.3478
2486,47119,0.8097
2487,47121,1.8018
2488,47123,1.3986
2489,47125,0.0688
2490,47127,1.5873
2491,47129,0.9804
2492,47131,0.3012
2493,47133,0.8734
2494,47135,2.7778
2495,47137,4.8780
2496,47139,1.7544
2497,47141,0.2068
2498,47143,0.5682
2499,47145,0.1938
2500,47147,0.1248
2501,47149,0.0899
2502,47151,2.6316
2503,47153,0.6579
2504,47155,0.0950
2505,47157,0.1976
2506,47159,0.9479
2507,47161,1.6667
2508,47163,0.2427
2509,47165,0.2374
2510,47167,0.1362
2511,47169,2.1505
2512,47171,1.1561
2513,47173,0.9709
2514,47175,4.0816
2515,47177,0.4566
2516,47179,0.2474
2517,47181,1.4388
2518,47183,0.6897
2519,47185,0.7874
2520,47187,0.1231
2521,47189,0.0651
2522,48001,#VALUE!
2523,48003,0.4630
2524,48005,#VALUE!
2525,48007,0.4348
2526,48009,#VALUE!
2527,48011,#VALUE!
2528,48013,0.3503
2529,48015,2.5559
2530,48017,1.3889
2531,48019,#VALUE!
2532,48021,0.2262
2533,48023,#VALUE!
2534,48025,0.6601
2535,48027,0.1046
2536,48029,0.1033
2537,48031,#VALUE!
2538,48033,#VALUE!
2539,48035,#VALUE!
2540,48037,0.3728
2541,48039,0.1132
2542,48041,0.0762
2543,48043,2.1277
2544,48045,#VALUE!
2545,48047,1.4706
2546,48049,0.4695
2547,48051,1.1173
2548,48053,0.2326
2549,48055,0.5917
2550,48057,#VALUE!
2551,48059,2.1277
2552,48061,0.1751
2553,48063,#VALUE!
2554,48065,#VALUE!
2555,48067,0.3509
2556,48069,#VALUE!
2557,48071,0.6110
2558,48073,0.3610
2559,48075,#VALUE!
2560,48077,#VALUE!
2561,48079,#VALUE!
2562,48081,#VALUE!
2563,48083,#VALUE!
2564,48085,0.0495
2565,48087,#VALUE!
2566,48089,#VALUE!
2567,48091,0.0700
2568,48093,0.8475
2569,48095,4.7619
2570,48097,#VALUE!
2571,48099,#VALUE!
2572,48101,#VALUE!
2573,48103,#VALUE!
2574,48105,#VALUE!
2575,48107,#VALUE!
2576,48109,#VALUE!
2577,48111,#VALUE!
2578,48113,0.0869
2579,48115,1.5152
2580,48117,0.5556
2581,48119,0.4608
2582,48121,2.1739
2583,48123,0.0797
2584,48125,7.6923
2585,48127,1.7391
2586,48129,#VALUE!
2587,48131,#VALUE!
2588,48133,#VALUE!
2589,48135,0.0482
2590,48137,#VALUE!
2591,48139,0.1467
2592,48141,0.0970
2593,48143,0.1555
2594,48145,#VALUE!
2595,48147,0.3367
2596,48149,0.4587
2597,48151,#VALUE!
2598,48153,#VALUE!
2599,48155,#VALUE!
2600,48157,0.1485
2601,48159,#VALUE!
2602,48161,#VALUE!
2603,48163,1.1976
2604,48165,0.4274
2605,48167,0.1248
2606,48169,#VALUE!
2607,48171,0.4464
2608,48173,#VALUE!
2609,48175,1.3889
2610,48177,0.4831
2611,48179,#VALUE!
2612,48181,0.0694
2613,48183,0.5323
2614,48185,0.4065
2615,48187,0.0530
2616,48189,0.5208
2617,48191,#VALUE!
2618,48193,#VALUE!
2619,48195,#VALUE!
2620,48197,#VALUE!
2621,48199,0.1572
2622,48201,0.0764
2623,48203,0.1311
2624,48205,#VALUE!
2625,48207,#VALUE!
2626,48209,0.0968
2627,48211,#VALUE!
2628,48213,#VALUE!
2629,48215,0.1384
2630,48217,#VALUE!
2631,48219,0.3509
2632,48221,#VALUE!
2633,48223,#VALUE!
2634,48225,#VALUE!
2635,48227,0.2584
2636,48229,3.8462
2637,48231,0.0927
2638,48233,#VALUE!
2639,48235,#VALUE!
2640,48237,#VALUE!
2641,48239,#VALUE!
2642,48241,0.8696
2643,48243,#VALUE!
2644,48245,0.1317
2645,48247,#VALUE!
2646,48249,0.2110
2647,48251,#VALUE!
2648,48253,#VALUE!
2649,48255,0.7937
2650,48257,0.1387
2651,48259,#VALUE!
2652,48261,#VALUE!
2653,48263,#VALUE!
2654,48265,#VALUE!
2655,48267,2.8571
2656,48269,#VALUE!
2657,48271,#VALUE!
2658,48273,0.8715
2659,48275,#VALUE!
2660,48277,2.8986
2661,48279,0.3578
2662,48281,#VALUE!
2663,48283,#VALUE!
2664,48285,#VALUE!
2665,48287,0.6061
2666,48289,0.6711
2667,48291,0.0962
2668,48293,0.9132
2669,48295,#VALUE!
2670,48297,0.9901
2671,48299,#VALUE!
2672,48301,#VALUE!
2673,48303,0.2230
2674,48305,3.5714
2675,48307,0.8130
2676,48309,1.2048
2677,48311,#VALUE!
2678,48313,3.2258
2679,48315,0.2421
2680,48317,0.2874
2681,48319,1.3699
2682,48321,0.5060
2683,48323,14.2857
2684,48325,0.3953
2685,48327,6.6667
2686,48329,0.1381
2687,48331,#VALUE!
2688,48333,#VALUE!
2689,48335,#VALUE!
2690,48337,#VALUE!
2691,48339,0.0603
2692,48341,#VALUE!
2693,48343,#VALUE!
2694,48345,#VALUE!
2695,48347,0.1018
2696,48349,#VALUE!
2697,48351,0.7299
2698,48353,0.6329
2699,48355,0.1506
2700,48357,#VALUE!
2701,48359,#VALUE!
2702,48361,0.2035
2703,48363,#VALUE!
2704,48365,#VALUE!
2705,48367,#VALUE!
2706,48369,#VALUE!
2707,48371,1.3333
2708,48373,#VALUE!
2709,48375,0.3501
2710,48377,3.0303
2711,48379,#VALUE!
2712,48381,0.1157
2713,48383,#VALUE!
2714,48385,7.1429
2715,48387,#VALUE!
2716,48389,0.7353
2717,48391,#VALUE!
2718,48393,#VALUE!
2719,48395,1.0929
2720,48397,#VALUE!
2721,48399,#VALUE!
2722,48401,0.3676
2723,48403,#VALUE!
2724,48405,#VALUE!
2725,48407,0.3984
2726,48409,0.5096
2727,48411,#VALUE!
2728,48413,#VALUE!
2729,48415,0.5495
2730,48417,3.0303
2731,48419,0.7576
2732,48421,#VALUE!
2733,48423,0.1418
2734,48425,#VALUE!
2735,48427,#VALUE!
2736,48429,1.2048
2737,48431,#VALUE!
2738,48433,#VALUE!
2739,48435,#VALUE!
2740,48437,#VALUE!
2741,48439,0.0222
2742,48441,0.1048
2743,48443,#VALUE!
2744,48445,0.8475
2745,48447,#VALUE!
2746,48449,0.2618
2747,48451,0.1304
2748,48453,0.1157
2749,48455,#VALUE!
2750,48457,#VALUE!
2751,48459,0.2294
2752,48461,#VALUE!
2753,48463,0.3106
2754,48465,0.3478
2755,48467,#VALUE!
2756,48469,#VALUE!
2757,48471,#VALUE!
2758,48473,0.4110
2759,48475,#VALUE!
2760,48477,#VALUE!
2761,48479,0.1130
2762,48481,#VALUE!
2763,48483,#VALUE!
2764,48485,0.1908
2765,48487,#VALUE!
2766,48489,0.4329
2767,48491,0.0577
2768,48493,0.1919
2769,48495,#VALUE!
2770,48497,#VALUE!
2771,48499,#VALUE!
2772,48501,1.1236
2773,48503,#VALUE!
2774,48505,0.5682
2775,48507,0.7634
2776,49001,#VALUE!
2777,49003,0.6309
2778,49005,0.1520
2779,49007,1.6736
2780,49009,#VALUE!
2781,49011,0.0218
2782,49013,#VALUE!
2783,49015,1.9048
2784,49017,9.3023
2785,49019,3.0000
2786,49021,0.4219
2787,49023,0.7576
2788,49025,1.5385
2789,49027,1.6807
2790,49029,#VALUE!
2791,49031,#VALUE!
2792,49033,4.3478
2793,49035,0.0945
2794,49037,3.2432
2795,49039,1.6620
2796,49041,0.4608
2797,49043,0.6682
2798,49045,0.1183
2799,49047,0.4338
2800,49049,0.0541
2801,49051,0.5464
2802,49053,0.3915
2803,49055,4.3478
2804,49057,0.1508
2805,50001,0.9804
2806,50003,0.5319
2807,50005,1.6287
2808,50007,0.2926
2809,50009,3.6364
2810,50011,1.0453
2811,50013,1.4706
2812,50015,1.0563
2813,50017,1.3514
2814,50019,0.3922
2815,50021,0.9662
2816,50023,0.6154
2817,50025,0.7194
2818,50027,1.4388
2819,51001,1.3289
2820,51003,0.0750
2821,51510,0.2304
2822,51005,1.4286
2823,51007,2.3077
2824,51009,0.5747
2825,51011,0.5952
2826,51013,0.0248
2827,51015,#VALUE!
2828,51017,2.7027
2829,51019,0.2587
2830,51515,#VALUE!
2831,51021,3.9216
2832,51023,0.3205
2833,51520,1.5544
2834,51025,1.4085
2835,51027,2.0833
2836,51029,1.2739
2837,51530,1.2195
2838,51031,0.1592
2839,51033,0.5682
2840,51035,0.7663
2841,51036,2.9851
2842,51037,2.7523
2843,51540,0.2191
2844,51550,0.0651
2845,51041,0.0473
2846,51043,0.7299
2847,51570,0.4854
2848,51580,1.8182
2849,51045,2.0000
2850,51047,0.1786
2851,51049,2.0408
2852,51590,0.4167
2853,51051,1.3072
2854,51053,0.6192
2855,51595,3.1250
2856,51057,0.8929
2857,51059,#VALUE!
2858,51600,#VALUE!
2859,51610,0.5952
2860,51061,0.1342
2861,51063,1.3245
2862,51065,0.3155
2863,51067,0.3578
2864,51620,2.1978
2865,51069,0.1049
2866,51630,0.3802
2867,51640,1.4493
2868,51071,0.5714
2869,51073,0.2551
2870,51075,0.4673
2871,51077,0.7813
2872,51079,0.4785
2873,51081,#VALUE!
2874,51083,0.3106
2875,51650,0.2122
2876,51085,0.0889
2877,51660,0.1835
2878,51087,0.0466
2879,51089,0.1984
2880,51091,13.3333
2881,51670,0.3425
2882,51093,0.2632
2883,51095,#VALUE!
2884,51097,1.6667
2885,51099,0.3546
2886,51101,1.0695
2887,51103,1.2821
2888,51105,2.3923
2889,51678,2.0408
2890,51107,0.0402
2891,51109,0.6006
2892,51111,1.9608
2893,51680,0.1430
2894,51113,0.8000
2895,51683,0.3578
2896,51685,#VALUE!
2897,51690,2.0833
2898,51115,2.8169
2899,51117,0.7463
2900,51119,1.2658
2901,51121,0.1256
2902,51125,1.5038
2903,51127,0.4587
2904,51700,0.1895
2905,51710,0.1366
2906,51131,2.9412
2907,51133,1.1905
2908,51720,#VALUE!
2909,51135,0.7692
2910,51137,0.2890
2911,51139,0.4367
2912,51141,0.7042
2913,51730,0.7059
2914,51143,0.3378
2915,51735,#VALUE!
2916,51740,0.1564
2917,51145,0.3690
2918,51147,0.6079
2919,51149,0.4773
2920,51153,0.0501
2921,51155,0.3012
2922,51750,0.2632
2923,51157,1.5385
2924,51159,7.5758
2925,51760,0.4768
2926,51161,0.0983
2927,51770,0.3132
2928,51163,#VALUE!
2929,51165,#VALUE!
2930,51167,0.7813
2931,51775,0.3049
2932,51169,0.9569
2933,51171,0.2415
2934,51173,0.6667
2935,51175,1.2270
2936,51177,0.0626
2937,51179,0.0555
2938,51790,0.3165
2939,51800,0.3617
2940,51181,3.2787
2941,51183,3.2967
2942,51185,0.4866
2943,51810,0.0488
2944,51187,0.2237
2945,51191,0.3670
2946,51820,0.3876
2947,51193,0.6211
2948,51830,#VALUE!
2949,51840,0.2825
2950,51195,0.9639
2951,51197,0.3584
2952,51199,#VALUE!
2953,53001,0.8969
2954,53003,#VALUE!
2955,53005,0.1718
2956,53007,0.4773
2957,53009,1.0720
2958,53011,0.0876
2959,53013,3.0303
2960,53015,0.3463
2961,53017,0.4376
2962,53019,6.7797
2963,53021,0.5213
2964,53023,5.8824
2965,53025,0.5420
2966,53027,0.7174
2967,53029,#VALUE!
2968,53031,1.9802
2969,53033,0.2481
2970,53035,0.3274
2971,53037,0.2950
2972,53039,1.0989
2973,53041,1.1321
2974,53043,#VALUE!
2975,53045,0.5319
2976,53047,2.4259
2977,53049,2.5157
2978,53051,1.8349
2979,53053,0.0890
2980,53055,0.8475
2981,53057,0.3734
2982,53059,0.9009
2983,53061,0.1203
2984,53063,0.2374
2985,53065,1.7544
2986,53067,0.1448
2987,53069,3.4483
2988,53071,0.4149
2989,53073,0.2720
2990,53075,0.1062
2991,53077,0.5755
2992,54001,1.5873
2993,54003,0.1447
2994,54005,1.2658
2995,54007,3.0534
2996,54009,1.2712
2997,54011,0.9600
2998,54013,3.1746
2999,54015,5.6818
3000,54017,3.7975
3001,54019,1.6018
3002,54021,5.1948
3003,54023,2.9703
3004,54025,1.2384
3005,54027,0.4386
3006,54029,1.0345
3007,54031,2.4194
3008,54033,0.5333
3009,54035,1.0989
3010,54037,0.4658
3011,54039,0.6283
3012,54041,2.5974
3013,54043,2.7650
3014,54045,1.4451
3015,54047,0.7407
3016,54049,0.3135
3017,54051,0.6757
3018,54053,2.9070
3019,54055,0.7429
3020,54057,0.6920
3021,54059,1.6736
3022,54061,0.2346
3023,54063,4.3860
3024,54065,1.8868
3025,54067,2.1368
3026,54069,0.2114
3027,54071,5.6604
3028,54073,3.0303
3029,54075,8.6957
3030,54077,1.4085
3031,54079,0.8251
3032,54081,0.4944
3033,54083,2.1277
3034,54085,1.1494
3035,54087,0.8065
3036,54089,0.7463
3037,54091,1.1696
3038,54093,5.0847
3039,54095,1.2500
3040,54097,1.5267
3041,54099,0.6803
3042,54101,5.4795
3043,54103,0.7092
3044,54105,1.7544
3045,54107,0.4310
3046,54109,1.4634
3047,55001,1.5504
3048,55003,1.3699
3049,55005,0.4963
3050,55007,1.8868
3051,55009,0.0955
3052,55011,#VALUE!
3053,55013,1.7857
3054,55015,0.7533
3055,55017,1.0920
3056,55019,0.9646
3057,55021,0.1712
3058,55023,0.7576
3059,55025,0.0652
3060,55027,#VALUE!
3061,55029,#VALUE!
3062,55031,0.2075
3063,55033,0.3284
3064,55035,0.1321
3065,55037,#VALUE!
3066,55039,#VALUE!
3067,55041,3.6585
3068,55043,0.1656
3069,55045,#VALUE!
3070,55047,0.6369
3071,55049,0.4292
3072,55051,2.5641
3073,55053,1.1765
3074,55055,#VALUE!
3075,55057,0.4608
3076,55059,0.1956
3077,55061,#VALUE!
3078,55063,0.0601
3079,55065,0.6579
3080,55067,1.2821
3081,55069,0.3891
3082,55071,0.1274
3083,55073,0.3470
3084,55075,0.2825
3085,55077,#VALUE!
3086,55078,2.0833
3087,55079,0.1432
3088,55081,0.6897
3089,55083,0.5882
3090,55085,0.6993
3091,55087,0.0458
3092,55089,#VALUE!
3093,55091,1.6393
3094,55093,0.3565
3095,55095,0.2632
3096,55097,0.1067
3097,55099,3.0612
3098,55101,0.0461
3099,55103,0.6711
3100,55105,0.2141
3101,55107,1.8349
3102,55109,0.1475
3103,55111,2.4194
3104,55113,0.2551
3105,55115,0.1641
3106,55117,0.1032
3107,55119,0.5747
3108,55121,0.3650
3109,55123,0.3831
3110,55125,2.1127
3111,55127,0.0818
3112,55129,1.6667
3113,55131,0.0727
3114,55133,0.0238
3115,55135,0.2155
3116,55137,0.5650
3117,55139,0.0474
3118,55141,0.1357
3119,56001,0.1451
3120,56003,1.7699
3121,56005,0.1592
3122,56007,0.6536
3123,56009,#VALUE!
3124,56011,1.5625
3125,56013,1.3636
3126,56015,0.8065
3127,56017,2.5641
3128,56019,1.3333
3129,56021,0.2545
3130,56023,#VALUE!
3131,56025,0.4921
3132,56027,3.0303
3133,56029,0.3425
3134,56031,1.3889
3135,56033,0.3021
3136,56035,2.0619
3137,56037,0.3559
3138,56039,#VALUE!
3139,56041,0.4098
3140,56043,1.3333
3141,56045,1.5385
